mean_hue,mean_saturation,mean_value,lesion_ratio,texture_contrast,disease
43.52,193.2,135.85,0.0812,37.8,Rice Brown Spot
21.48,113.37,64.29,0.3778,53.95,Potato Late Blight
43.16,120.08,179.14,0.1735,60.58,Rice Brown Spot
27.96,149.12,137.3,0.0779,44.61,Corn Common Rust
12.27,141.84,88.25,0.4941,82.67,Apple Black Rot
33.23,137.05,77.16,0.2398,78.28,Corn Common Rust
19.64,81.6,73.09,0.2344,97.83,Tomato Early Blight
29.86,123.44,170.03,0.1018,63.13,Rice Brown Spot
20.63,100.79,106.77,0.161,108.96,Tomato Early Blight
43.18,209.48,135.77,0.2344,34.42,Rice Brown Spot
16.36,152.53,112.75,0.1043,71.44,Rice Brown Spot
34.13,140.7,77.6,0.2537,61.57,Tomato Early Blight
69.61,177.22,123.85,0.0002,26.31,Healthy
61.34,179.02,172.72,0.0278,23.02,Healthy
40.89,182.33,106.4,0.0627,45.55,Rice Brown Spot
36.89,183.76,167.59,0.1444,35.98,Corn Common Rust
31.22,152.17,73.6,0.2396,52.83,Apple Black Rot
10.64,90.79,53.14,0.3727,72.0,Tomato Early Blight
42.23,144.93,115.14,0.2011,41.44,Rice Brown Spot
27.37,168.05,112.44,0.2535,57.38,Potato Late Blight
39.11,138.66,168.18,0.1579,70.37,Rice Brown Spot
25.69,210.68,99.93,0.1795,30.03,Rice Brown Spot
40.82,120.7,126.18,0.1335,41.11,Corn Common Rust
16.74,104.41,66.83,0.2266,89.07,Potato Late Blight
25.91,217.18,175.87,0.1004,54.86,Rice Brown Spot
44.44,199.77,132.01,0.0293,18.22,Healthy
25.35,183.44,144.88,0.1562,52.39,Corn Common Rust
16.05,147.21,126.16,0.2332,100.98,Apple Black Rot
33.97,183.35,128.94,0.0681,71.77,Corn Common Rust
30.25,189.58,164.42,0.1152,41.01,Rice Brown Spot
22.8,102.65,114.52,0.211,98.37,Tomato Early Blight
30.94,147.57,123.52,0.2232,87.9,Tomato Early Blight
16.45,146.0,131.72,0.3443,87.08,Tomato Early Blight
34.91,176.54,105.83,0.4589,63.21,Tomato Early Blight
50.48,172.6,207.65,0.0266,25.6,Healthy
17.52,136.16,168.84,0.1713,30.46,Rice Brown Spot
33.5,177.37,78.39,0.2569,83.99,Apple Black Rot
26.3,102.43,121.22,0.233,72.78,Potato Late Blight
25.99,194.42,149.3,0.1116,57.13,Rice Brown Spot
19.19,106.52,74.4,0.4906,77.52,Potato Late Blight
32.65,123.44,85.01,0.3758,96.82,Apple Black Rot
45.86,172.25,133.69,0.0007,22.91,Healthy
69.84,146.99,133.55,0.0265,24.95,Healthy
42.85,162.82,176.33,0.2427,72.65,Corn Common Rust
26.55,205.11,104.86,0.0839,57.84,Corn Common Rust
27.4,137.01,59.72,0.3653,119.3,Apple Black Rot
16.35,109.53,82.26,0.447,59.56,Tomato Early Blight
18.99,109.36,130.94,0.4335,110.7,Apple Black Rot
17.45,120.52,139.07,0.0889,33.55,Corn Common Rust
29.89,169.0,83.8,0.2815,56.58,Apple Black Rot
18.2,95.5,148.18,0.4436,110.23,Apple Black Rot
41.12,182.26,143.22,0.0038,20.44,Healthy
23.15,216.53,120.3,0.2184,39.72,Corn Common Rust
23.52,143.74,122.61,0.4915,86.14,Apple Black Rot
11.03,119.88,93.35,0.4104,67.56,Apple Black Rot
34.07,163.6,119.6,0.2931,62.13,Tomato Early Blight
53.27,123.98,111.26,0.0055,28.69,Healthy
68.65,173.79,166.52,0.0184,18.39,Healthy
31.98,135.86,83.22,0.1184,34.59,Rice Brown Spot
49.34,197.95,121.04,0.0005,25.27,Healthy
29.2,137.32,117.72,0.1297,60.79,Corn Common Rust
41.6,146.09,71.68,0.2367,55.05,Corn Common Rust
35.52,181.59,173.83,0.2389,73.36,Corn Common Rust
30.02,147.72,107.34,0.195,106.78,Potato Late Blight
33.54,118.61,146.12,0.4669,63.71,Potato Late Blight
21.44,157.73,74.29,0.1737,46.83,Corn Common Rust
17.97,164.49,52.33,0.4351,69.73,Tomato Early Blight
35.79,154.83,173.03,0.0578,50.9,Rice Brown Spot
23.46,137.74,152.57,0.2114,79.53,Corn Common Rust
26.16,197.64,107.49,0.2362,72.92,Rice Brown Spot
60.4,173.99,128.59,0.0113,20.69,Healthy
39.79,152.0,168.51,0.1278,30.54,Rice Brown Spot
65.41,135.49,214.82,0.0203,19.65,Healthy
25.8,124.84,79.32,0.265,97.08,Tomato Early Blight
43.39,198.13,82.48,0.2362,78.71,Rice Brown Spot
23.74,124.15,138.77,0.2728,58.19,Apple Black Rot
35.64,203.7,165.36,0.2177,51.3,Rice Brown Spot
19.92,169.19,64.66,0.3297,66.33,Tomato Early Blight
26.12,201.28,174.2,0.2472,67.67,Corn Common Rust
27.7,128.17,87.8,0.3968,67.41,Apple Black Rot
12.78,129.26,51.14,0.314,53.94,Potato Late Blight
38.02,202.28,151.86,0.1862,41.88,Rice Brown Spot
51.25,128.57,204.23,0.0067,29.26,Healthy
44.34,175.6,105.5,0.0587,76.23,Rice Brown Spot
17.21,175.39,176.62,0.1546,61.47,Rice Brown Spot
17.36,179.58,119.69,0.2845,101.6,Apple Black Rot
17.02,175.04,139.03,0.3095,93.41,Potato Late Blight
14.7,126.37,85.34,0.3543,55.44,Tomato Early Blight
47.8,145.32,103.88,0.0084,18.22,Healthy
35.54,136.26,170.2,0.2145,77.49,Corn Common Rust
33.4,161.82,172.6,0.2232,32.26,Corn Common Rust
63.33,148.04,218.23,0.0113,24.99,Healthy
69.1,184.21,200.6,0.0141,18.3,Healthy
40.41,107.54,183.01,0.016,25.0,Healthy
23.89,156.9,144.48,0.4474,67.31,Potato Late Blight
15.13,105.14,77.47,0.2225,111.48,Apple Black Rot
18.95,91.36,117.16,0.3321,104.06,Tomato Early Blight
17.69,161.64,146.8,0.1809,105.43,Potato Late Blight
44.02,102.88,190.62,0.0186,24.08,Healthy
32.58,141.73,148.05,0.3628,94.57,Potato Late Blight
12.28,152.64,104.74,0.3078,113.73,Potato Late Blight
25.55,166.24,144.95,0.2015,114.86,Apple Black Rot
29.22,86.62,54.59,0.3673,74.32,Tomato Early Blight
25.84,104.01,57.59,0.1951,58.96,Apple Black Rot
13.47,144.09,68.19,0.271,112.78,Potato Late Blight
22.88,177.31,110.19,0.2283,107.53,Potato Late Blight
16.96,97.7,58.87,0.1922,82.25,Tomato Early Blight
32.36,92.87,83.01,0.2626,56.46,Tomato Early Blight
60.63,151.17,118.84,0.0113,10.05,Healthy
39.19,194.83,90.3,0.0919,48.52,Rice Brown Spot
15.9,156.0,103.13,0.4022,54.36,Apple Black Rot
16.31,151.33,139.52,0.3291,87.25,Potato Late Blight
41.02,155.41,113.69,0.071,66.87,Corn Common Rust
15.6,152.21,93.26,0.1155,35.99,Rice Brown Spot
50.29,147.4,142.61,0.0195,19.59,Healthy
31.11,178.68,152.0,0.1363,36.38,Rice Brown Spot
50.12,189.96,172.91,0.0073,19.96,Healthy
25.14,103.72,60.18,0.2035,67.22,Apple Black Rot
40.52,128.79,158.65,0.0611,72.12,Rice Brown Spot
23.11,121.04,148.24,0.1892,77.85,Potato Late Blight
42.52,120.53,177.26,0.1481,66.14,Rice Brown Spot
33.23,135.68,107.16,0.248,103.86,Apple Black Rot
34.2,151.1,69.95,0.4077,87.09,Apple Black Rot
58.32,128.86,169.75,0.0046,19.62,Healthy
24.85,116.92,95.43,0.342,88.42,Potato Late Blight
18.06,160.99,75.46,0.3885,103.22,Tomato Early Blight
21.83,140.61,129.43,0.1873,109.55,Potato Late Blight
43.95,132.43,150.4,0.2377,39.06,Rice Brown Spot
33.16,152.16,54.81,0.4235,107.96,Potato Late Blight
21.05,136.37,88.07,0.2129,63.26,Corn Common Rust
32.7,111.62,108.83,0.389,81.64,Tomato Early Blight
32.49,142.41,103.98,0.3036,90.42,Apple Black Rot
66.99,138.39,165.23,0.0272,22.48,Healthy
20.79,113.28,123.05,0.3928,61.67,Potato Late Blight
29.86,194.15,133.05,0.2495,67.62,Corn Common Rust
22.45,194.39,73.69,0.164,68.12,Corn Common Rust
28.87,90.29,103.65,0.2826,81.99,Potato Late Blight
26.92,199.73,86.49,0.0959,66.11,Rice Brown Spot
10.31,139.84,106.55,0.4007,91.93,Tomato Early Blight
20.45,210.85,134.17,0.1302,53.1,Rice Brown Spot
25.37,171.19,63.91,0.1853,67.92,Apple Black Rot
32.79,130.22,171.06,0.208,31.15,Rice Brown Spot
29.28,117.44,56.89,0.1771,57.3,Tomato Early Blight
67.77,145.08,113.59,0.0295,26.78,Healthy
30.94,113.21,81.14,0.2296,92.55,Apple Black Rot
62.33,120.56,194.53,0.0181,12.29,Healthy
31.12,211.99,108.1,0.1194,66.88,Rice Brown Spot
57.61,103.28,209.53,0.0074,21.55,Healthy
27.57,211.48,109.86,0.1661,61.61,Rice Brown Spot
21.38,171.52,177.31,0.1418,57.87,Rice Brown Spot
12.13,179.69,100.22,0.3584,54.7,Apple Black Rot
15.25,169.81,70.51,0.2167,52.56,Potato Late Blight
30.91,138.75,79.4,0.3999,86.94,Apple Black Rot
21.02,120.08,105.96,0.2043,62.73,Apple Black Rot
17.27,195.32,99.95,0.2295,56.33,Corn Common Rust
40.76,115.62,185.92,0.0198,10.54,Healthy
15.78,147.19,51.97,0.1864,105.99,Potato Late Blight
32.19,135.67,122.08,0.4319,119.21,Potato Late Blight
30.76,119.72,116.81,0.2217,70.52,Apple Black Rot
10.33,88.55,70.79,0.1593,62.7,Tomato Early Blight
34.29,190.39,170.17,0.175,46.79,Rice Brown Spot
19.08,83.42,133.07,0.2708,104.17,Tomato Early Blight
53.08,129.45,213.81,0.0229,12.8,Healthy
24.14,178.54,97.11,0.2137,83.93,Tomato Early Blight
48.06,154.16,176.02,0.0077,12.79,Healthy
20.54,93.23,140.06,0.3919,97.82,Potato Late Blight
32.86,91.78,107.65,0.2459,88.79,Apple Black Rot
54.92,172.02,112.79,0.0042,15.27,Healthy
28.3,105.07,113.31,0.323,90.13,Apple Black Rot
52.56,138.31,162.27,0.0014,13.33,Healthy
14.61,89.03,127.1,0.1739,108.6,Potato Late Blight
18.89,151.9,79.71,0.3482,83.32,Potato Late Blight
13.38,128.38,76.99,0.3389,61.34,Apple Black Rot
16.54,169.64,135.65,0.1168,68.55,Rice Brown Spot
25.33,155.15,115.41,0.191,59.91,Corn Common Rust
47.39,181.91,195.93,0.0208,15.44,Healthy
12.58,111.46,130.74,0.4867,105.3,Tomato Early Blight
53.38,118.51,165.03,0.0262,24.64,Healthy
37.77,192.41,140.1,0.2461,75.17,Corn Common Rust
21.64,218.77,173.85,0.0579,65.28,Rice Brown Spot
45.42,156.79,209.86,0.001,23.95,Healthy
45.78,111.53,150.61,0.0239,24.9,Healthy
40.34,151.91,161.18,0.0574,59.81,Rice Brown Spot
24.02,128.11,138.5,0.3356,80.87,Potato Late Blight
32.17,200.4,129.22,0.1823,66.89,Rice Brown Spot
66.58,161.59,127.96,0.0007,27.4,Healthy
10.01,98.55,88.4,0.4764,54.9,Apple Black Rot
18.77,156.72,90.19,0.318,93.93,Apple Black Rot
44.52,196.83,115.95,0.1343,66.88,Rice Brown Spot
10.08,126.73,79.7,0.4485,100.09,Apple Black Rot
16.26,121.79,178.65,0.1356,49.22,Corn Common Rust
21.55,215.0,156.5,0.0679,50.88,Rice Brown Spot
25.02,170.37,148.92,0.4102,54.55,Apple Black Rot
40.13,143.06,161.37,0.0741,32.35,Rice Brown Spot
46.61,118.64,193.55,0.0105,11.16,Healthy
55.55,159.73,163.0,0.0078,20.3,Healthy
27.4,95.39,131.58,0.2286,65.67,Tomato Early Blight
57.79,158.01,110.98,0.0263,15.31,Healthy
29.3,124.44,163.74,0.0571,46.45,Rice Brown Spot
56.53,108.7,149.01,0.0112,15.2,Healthy
16.46,173.26,175.83,0.0719,74.72,Corn Common Rust
40.54,169.51,122.86,0.1685,71.23,Corn Common Rust
23.59,166.45,123.39,0.3324,110.77,Tomato Early Blight
40.52,206.73,147.92,0.2174,64.87,Rice Brown Spot
12.65,149.9,68.92,0.4586,117.29,Tomato Early Blight
40.88,182.58,115.46,0.0101,24.87,Healthy
30.45,163.21,100.75,0.1522,70.09,Tomato Early Blight
18.16,135.98,61.58,0.2818,50.64,Apple Black Rot
38.4,130.7,153.71,0.1583,78.15,Corn Common Rust
33.98,213.2,81.28,0.2374,64.39,Rice Brown Spot
33.68,96.64,127.1,0.398,83.15,Tomato Early Blight
25.52,84.57,137.15,0.4907,117.82,Apple Black Rot
34.43,179.44,112.2,0.0631,71.08,Rice Brown Spot
16.31,80.1,65.89,0.314,116.1,Potato Late Blight
21.28,96.36,129.48,0.3928,65.45,Potato Late Blight
29.32,103.01,63.13,0.4538,117.43,Tomato Early Blight
36.94,210.95,164.31,0.2429,68.0,Rice Brown Spot
44.52,160.93,168.35,0.096,40.66,Corn Common Rust
59.55,136.85,203.72,0.0142,29.36,Healthy
15.09,89.12,65.37,0.3088,87.12,Apple Black Rot
29.92,109.42,141.18,0.4886,62.98,Potato Late Blight
40.04,159.83,172.88,0.0074,21.17,Healthy
44.82,165.15,139.11,0.0177,18.66,Healthy
19.49,166.46,144.85,0.1291,78.73,Corn Common Rust
17.29,149.5,136.01,0.4229,52.77,Apple Black Rot
28.73,94.59,60.28,0.3498,51.29,Apple Black Rot
25.45,150.25,105.96,0.1534,72.85,Apple Black Rot
23.36,168.25,58.25,0.4386,75.05,Tomato Early Blight
34.44,100.09,119.32,0.4375,52.88,Tomato Early Blight
18.14,183.64,147.71,0.0563,76.81,Rice Brown Spot
61.27,187.1,185.69,0.0241,16.79,Healthy
22.11,146.08,105.3,0.3591,104.87,Potato Late Blight
11.02,96.4,93.86,0.4037,91.53,Potato Late Blight
19.79,207.18,94.11,0.2452,46.84,Rice Brown Spot
38.69,185.87,124.8,0.1611,65.96,Corn Common Rust
18.31,134.25,99.33,0.1785,78.23,Apple Black Rot
17.17,123.07,98.35,0.1425,73.41,Corn Common Rust
28.57,122.55,84.59,0.2799,119.14,Tomato Early Blight
31.68,137.87,93.86,0.4038,84.07,Tomato Early Blight
24.94,159.3,115.5,0.4972,69.87,Tomato Early Blight
21.32,182.3,139.47,0.1966,36.58,Corn Common Rust
42.27,137.97,96.13,0.2443,39.05,Rice Brown Spot
17.07,163.72,80.71,0.131,59.65,Corn Common Rust
59.88,109.53,178.25,0.0094,17.98,Healthy
26.42,112.52,127.35,0.1958,117.89,Potato Late Blight
32.09,124.2,83.09,0.3071,96.86,Potato Late Blight
52.93,124.87,174.06,0.0212,13.34,Healthy
26.38,180.55,109.24,0.1567,69.09,Rice Brown Spot
28.39,206.42,131.4,0.158,31.71,Rice Brown Spot
11.43,133.12,143.66,0.1638,58.55,Apple Black Rot
14.5,88.86,60.33,0.3546,98.17,Apple Black Rot
44.6,216.51,70.54,0.2404,61.96,Rice Brown Spot
57.4,125.42,162.61,0.0103,20.64,Healthy
17.7,150.47,70.19,0.3857,117.89,Apple Black Rot
61.92,115.62,128.15,0.0289,15.11,Healthy
65.14,194.46,181.99,0.0149,22.36,Healthy
40.91,193.09,182.74,0.0203,14.31,Healthy
19.85,145.12,60.66,0.3802,119.96,Apple Black Rot
17.95,166.64,149.33,0.4133,56.33,Apple Black Rot
43.27,165.05,191.82,0.0278,18.76,Healthy
29.06,159.78,93.56,0.4362,58.41,Tomato Early Blight
26.23,112.84,113.02,0.3634,89.44,Apple Black Rot
19.71,124.87,73.75,0.2806,65.91,Potato Late Blight
24.68,96.84,114.26,0.4158,85.03,Tomato Early Blight
40.9,171.91,122.71,0.0551,47.06,Corn Common Rust
19.47,172.66,97.07,0.1453,49.72,Rice Brown Spot
28.67,151.55,102.12,0.4378,80.16,Apple Black Rot
41.94,144.35,171.97,0.0621,76.72,Corn Common Rust
14.86,96.63,111.74,0.3331,96.91,Apple Black Rot
39.09,173.92,104.24,0.1721,65.81,Corn Common Rust
69.3,182.32,162.7,0.0037,27.19,Healthy
20.54,149.53,157.27,0.087,75.89,Corn Common Rust
29.51,200.6,130.52,0.0587,61.66,Rice Brown Spot
10.06,143.8,101.52,0.3577,105.56,Potato Late Blight
14.37,116.08,140.59,0.4195,88.96,Tomato Early Blight
29.51,107.48,132.26,0.2983,96.73,Potato Late Blight
29.17,94.97,92.39,0.2035,66.47,Tomato Early Blight
40.88,141.67,80.53,0.0547,62.1,Rice Brown Spot
21.19,183.8,98.26,0.1764,32.92,Rice Brown Spot
69.63,113.64,183.42,0.0121,18.56,Healthy
60.77,199.13,115.41,0.0031,24.49,Healthy
32.64,157.26,76.49,0.3759,91.7,Tomato Early Blight
49.7,122.67,142.6,0.0021,20.38,Healthy
26.74,86.99,114.02,0.2449,91.5,Tomato Early Blight
23.32,112.43,83.3,0.3843,119.59,Potato Late Blight
19.07,179.55,94.64,0.2667,90.63,Tomato Early Blight
33.94,97.53,119.0,0.2203,87.51,Tomato Early Blight
20.57,162.18,50.12,0.2553,118.69,Apple Black Rot
33.18,103.46,89.93,0.2033,119.47,Potato Late Blight
22.31,187.16,80.22,0.1014,69.4,Rice Brown Spot
58.25,150.68,119.12,0.0019,12.35,Healthy
18.54,118.09,84.63,0.2337,85.68,Tomato Early Blight
19.92,124.72,110.06,0.3305,114.36,Potato Late Blight
24.36,136.66,89.1,0.3254,77.8,Potato Late Blight
30.44,118.06,137.8,0.4538,106.41,Apple Black Rot
39.56,152.25,72.52,0.0808,41.18,Rice Brown Spot
34.39,144.1,132.25,0.1964,110.34,Apple Black Rot
33.19,133.92,168.81,0.2159,45.88,Rice Brown Spot
19.97,94.64,86.75,0.1739,51.81,Potato Late Blight
46.98,108.0,193.21,0.0037,21.89,Healthy
31.9,107.78,135.14,0.1501,51.24,Apple Black Rot
26.26,95.2,56.13,0.4233,82.19,Tomato Early Blight
22.12,155.43,111.95,0.2541,80.12,Tomato Early Blight
44.27,112.14,136.39,0.003,23.84,Healthy
33.54,183.32,95.18,0.0965,41.04,Rice Brown Spot
33.72,172.7,116.87,0.0761,74.33,Corn Common Rust
26.35,115.42,102.55,0.3186,62.38,Apple Black Rot
38.08,121.1,115.78,0.1463,30.96,Corn Common Rust
37.81,133.71,128.88,0.093,30.61,Corn Common Rust
25.73,99.89,56.46,0.1649,76.0,Tomato Early Blight
56.44,145.44,201.32,0.0029,19.76,Healthy
40.94,144.35,141.69,0.2121,60.7,Rice Brown Spot
28.78,198.5,168.13,0.2411,69.35,Corn Common Rust
68.28,180.89,109.17,0.0084,28.61,Healthy
38.44,202.51,124.5,0.1273,52.51,Rice Brown Spot
58.42,106.67,162.21,0.0045,24.75,Healthy
53.3,104.78,104.56,0.0224,23.18,Healthy
11.78,81.21,145.65,0.4081,74.73,Potato Late Blight
34.79,177.07,144.23,0.4243,74.84,Apple Black Rot
12.46,146.03,126.44,0.2428,51.47,Tomato Early Blight
41.97,198.25,95.06,0.2452,63.37,Rice Brown Spot
13.03,141.5,127.46,0.3754,87.12,Potato Late Blight
32.4,112.22,62.52,0.316,57.98,Apple Black Rot
32.47,194.81,159.29,0.1813,36.4,Corn Common Rust
67.84,122.46,144.66,0.013,18.79,Healthy
44.91,127.38,211.4,0.0203,19.92,Healthy
59.37,128.59,197.91,0.0258,26.93,Healthy
56.32,163.61,126.53,0.0294,24.96,Healthy
29.41,145.62,67.74,0.3408,118.93,Apple Black Rot
23.49,152.79,60.79,0.3899,56.43,Apple Black Rot
15.34,130.59,134.07,0.4065,87.96,Tomato Early Blight
37.3,181.19,81.65,0.0803,34.69,Corn Common Rust
34.09,196.11,87.61,0.1423,30.47,Rice Brown Spot
62.25,188.15,133.35,0.0058,27.6,Healthy
15.1,135.51,123.31,0.3656,63.16,Tomato Early Blight
51.26,153.87,162.9,0.0254,26.8,Healthy
37.37,140.25,175.39,0.1236,46.35,Rice Brown Spot
31.05,127.03,100.21,0.1936,76.98,Potato Late Blight
36.66,208.62,135.23,0.1283,50.63,Rice Brown Spot
15.87,136.69,89.95,0.1275,50.12,Corn Common Rust
30.3,192.34,81.46,0.0951,65.15,Rice Brown Spot
22.16,139.94,110.21,0.158,72.55,Apple Black Rot
13.72,149.54,124.59,0.4937,64.69,Apple Black Rot
30.52,164.02,86.22,0.1156,51.7,Rice Brown Spot
19.29,86.25,130.14,0.4183,101.35,Tomato Early Blight
26.06,122.12,113.62,0.425,58.28,Apple Black Rot
34.78,154.72,124.0,0.4826,64.21,Apple Black Rot
25.87,153.45,72.88,0.0548,71.58,Rice Brown Spot
35.93,212.96,156.08,0.0612,72.64,Corn Common Rust
31.82,164.19,68.61,0.4309,82.07,Tomato Early Blight
36.18,183.12,75.48,0.2308,75.47,Corn Common Rust
40.21,105.73,127.03,0.0039,17.98,Healthy
34.71,215.66,77.59,0.0614,44.11,Rice Brown Spot
23.27,147.56,156.58,0.245,48.56,Rice Brown Spot
31.12,106.81,65.64,0.4486,53.26,Tomato Early Blight
32.66,93.92,103.24,0.2939,74.31,Tomato Early Blight
28.31,134.83,62.8,0.4587,77.54,Tomato Early Blight
20.47,106.02,123.08,0.4935,67.96,Tomato Early Blight
28.13,99.12,83.83,0.258,116.29,Potato Late Blight
25.49,131.41,86.64,0.0951,42.55,Rice Brown Spot
24.03,132.34,61.48,0.451,100.6,Apple Black Rot
63.75,154.88,173.55,0.0068,26.94,Healthy
14.14,174.57,135.0,0.3842,82.36,Tomato Early Blight
26.27,134.54,56.23,0.3294,106.45,Potato Late Blight
34.45,159.4,99.73,0.2689,111.05,Tomato Early Blight
18.26,155.68,101.94,0.2217,111.45,Tomato Early Blight
14.04,105.55,144.66,0.3461,102.55,Apple Black Rot
40.82,106.52,155.67,0.0273,20.77,Healthy
38.95,157.19,119.69,0.1295,34.67,Rice Brown Spot
43.93,140.38,127.57,0.1074,69.64,Corn Common Rust
23.29,151.23,140.69,0.0892,74.85,Rice Brown Spot
13.95,149.59,129.33,0.2609,110.0,Tomato Early Blight
32.43,96.89,100.71,0.3593,52.34,Potato Late Blight
36.98,202.04,104.45,0.2097,78.39,Corn Common Rust
32.06,160.36,100.52,0.4885,79.24,Potato Late Blight
35.04,183.47,88.26,0.2264,51.37,Corn Common Rust
27.17,89.3,52.94,0.438,64.68,Potato Late Blight
28.29,98.74,135.82,0.4367,87.86,Apple Black Rot
28.99,178.81,140.13,0.3781,71.98,Potato Late Blight
30.48,167.98,102.54,0.2355,57.91,Tomato Early Blight
12.52,103.99,64.2,0.2718,81.52,Tomato Early Blight
25.34,123.55,107.72,0.4083,106.43,Tomato Early Blight
34.48,143.41,62.63,0.3867,72.76,Apple Black Rot
35.45,136.71,142.08,0.2483,33.63,Rice Brown Spot
27.35,131.27,80.53,0.2244,52.32,Potato Late Blight
27.25,195.92,169.4,0.0966,70.37,Corn Common Rust
34.95,146.03,169.79,0.1841,58.02,Rice Brown Spot
19.74,117.95,72.67,0.2836,59.02,Potato Late Blight
34.42,91.07,92.25,0.1647,101.79,Potato Late Blight
34.16,92.75,120.77,0.4905,107.82,Tomato Early Blight
30.12,81.8,146.28,0.4043,71.33,Potato Late Blight
48.45,187.28,113.51,0.0211,20.81,Healthy
47.26,101.24,156.25,0.009,21.97,Healthy
15.66,153.02,109.88,0.1726,111.41,Potato Late Blight
26.7,139.32,139.23,0.2149,55.53,Tomato Early Blight
40.14,148.53,117.21,0.1036,69.46,Corn Common Rust
30.64,126.36,161.45,0.1698,35.75,Corn Common Rust
30.76,123.26,165.54,0.0629,77.79,Corn Common Rust
35.83,128.22,170.17,0.1429,36.88,Corn Common Rust
32.31,124.34,110.71,0.371,91.42,Potato Late Blight
34.19,187.64,84.49,0.0968,69.34,Corn Common Rust
26.31,175.05,110.07,0.4103,85.44,Potato Late Blight
11.77,105.44,86.19,0.3154,53.2,Apple Black Rot
16.92,177.15,83.13,0.3187,63.73,Potato Late Blight
21.19,127.43,109.09,0.338,109.79,Potato Late Blight
46.57,103.67,112.96,0.0102,26.05,Healthy
46.56,139.68,105.33,0.0083,26.33,Healthy
58.51,111.38,141.43,0.0152,27.48,Healthy
35.26,124.49,119.57,0.2359,38.26,Corn Common Rust
36.9,208.23,143.8,0.1016,63.73,Rice Brown Spot
64.71,195.51,198.54,0.0,22.73,Healthy
16.44,85.95,110.38,0.3903,58.01,Apple Black Rot
30.01,146.27,59.23,0.3587,88.47,Apple Black Rot
42.13,108.02,142.57,0.0283,23.37,Healthy
59.39,188.8,171.84,0.0151,12.78,Healthy
58.38,187.37,186.88,0.0036,28.05,Healthy
30.73,179.13,132.0,0.3932,87.27,Apple Black Rot
22.15,137.72,54.37,0.1931,89.1,Potato Late Blight
61.88,165.23,201.47,0.0208,18.6,Healthy
11.94,134.25,136.17,0.3566,65.84,Potato Late Blight
21.25,137.93,125.94,0.1846,112.28,Potato Late Blight
19.25,82.74,89.3,0.334,85.82,Tomato Early Blight
27.92,134.26,167.91,0.1192,37.72,Rice Brown Spot
30.52,157.89,70.74,0.1272,69.59,Corn Common Rust
17.78,147.71,110.58,0.2776,65.25,Potato Late Blight
31.79,130.53,88.41,0.2444,41.42,Rice Brown Spot
23.3,93.58,59.93,0.2231,114.79,Potato Late Blight
14.0,82.34,125.62,0.3105,70.25,Potato Late Blight
40.06,157.04,111.23,0.1448,52.21,Corn Common Rust
30.67,178.4,78.84,0.4864,77.26,Tomato Early Blight
44.12,197.35,177.81,0.1456,56.61,Corn Common Rust
37.86,203.36,118.45,0.1105,42.97,Corn Common Rust
14.43,130.74,117.74,0.2323,108.15,Potato Late Blight
25.42,178.05,85.31,0.1388,61.31,Rice Brown Spot
15.18,158.24,123.46,0.2552,72.81,Potato Late Blight
21.54,153.08,64.8,0.4484,99.76,Tomato Early Blight
15.69,176.4,140.95,0.4028,87.34,Apple Black Rot
16.14,194.59,130.43,0.0615,64.04,Rice Brown Spot
66.31,194.4,117.86,0.0139,29.62,Healthy
37.64,169.19,103.27,0.1483,56.12,Rice Brown Spot
29.04,118.65,101.13,0.3223,90.41,Apple Black Rot
32.36,125.6,94.35,0.3607,91.4,Potato Late Blight
29.29,219.61,76.54,0.0506,62.01,Corn Common Rust
66.79,106.25,206.02,0.0134,20.21,Healthy
15.52,153.4,126.26,0.4752,52.14,Apple Black Rot
27.31,93.44,79.94,0.2756,106.31,Potato Late Blight
15.27,175.74,50.89,0.4992,97.38,Potato Late Blight
42.69,100.23,105.3,0.0103,22.66,Healthy
15.17,213.71,160.41,0.2118,74.22,Corn Common Rust
25.34,88.86,98.76,0.1772,78.53,Potato Late Blight
10.61,110.61,104.91,0.3712,90.39,Apple Black Rot
10.15,90.09,136.89,0.3886,57.91,Tomato Early Blight
29.86,150.71,55.02,0.1755,78.2,Tomato Early Blight
40.9,160.13,102.18,0.0805,43.31,Rice Brown Spot
18.04,127.64,72.6,0.3742,118.53,Apple Black Rot
21.44,161.61,153.56,0.0876,65.99,Corn Common Rust
21.35,162.14,105.47,0.373,86.84,Apple Black Rot
27.85,162.25,130.4,0.3434,86.41,Tomato Early Blight
42.5,192.07,114.16,0.0817,74.1,Corn Common Rust
28.04,107.15,90.24,0.186,63.23,Tomato Early Blight
16.41,147.62,147.77,0.0625,71.97,Corn Common Rust
50.21,194.04,109.93,0.0279,26.53,Healthy
16.76,164.27,81.33,0.4261,112.43,Potato Late Blight
27.67,157.73,173.0,0.185,35.8,Corn Common Rust
24.12,173.02,134.42,0.3865,59.74,Tomato Early Blight
36.39,186.64,176.27,0.2022,77.54,Corn Common Rust
48.94,110.54,193.82,0.0193,10.96,Healthy
29.96,158.51,165.24,0.1452,35.55,Corn Common Rust
29.27,80.29,135.9,0.2151,88.64,Apple Black Rot
40.51,141.2,142.31,0.1445,74.01,Rice Brown Spot
63.89,175.4,104.31,0.0118,28.62,Healthy
37.16,151.56,140.93,0.129,65.66,Rice Brown Spot
24.48,88.53,54.3,0.3834,107.63,Apple Black Rot
22.9,106.76,133.55,0.1551,76.54,Apple Black Rot
10.48,92.44,91.36,0.3225,78.3,Tomato Early Blight
67.18,126.67,186.98,0.0263,10.83,Healthy
26.94,111.19,127.4,0.4205,86.49,Tomato Early Blight
31.43,137.54,57.64,0.2839,75.74,Tomato Early Blight
22.97,121.76,102.26,0.2046,55.9,Corn Common Rust
34.26,177.06,132.49,0.1826,57.42,Rice Brown Spot
40.41,122.36,168.84,0.2066,69.02,Rice Brown Spot
26.94,150.29,77.23,0.0956,42.33,Corn Common Rust
29.2,125.97,143.88,0.1664,79.51,Rice Brown Spot
30.92,185.1,140.91,0.1623,68.85,Corn Common Rust
46.76,119.58,116.9,0.0187,25.63,Healthy
23.29,218.17,128.0,0.2313,38.19,Corn Common Rust
16.5,114.52,141.75,0.2517,82.9,Potato Late Blight
60.7,169.01,211.67,0.0149,14.61,Healthy
20.39,110.19,126.11,0.274,116.43,Apple Black Rot
11.91,107.47,130.7,0.3109,88.26,Apple Black Rot
28.76,176.09,165.04,0.1463,74.88,Corn Common Rust
40.31,218.12,157.25,0.2208,42.1,Rice Brown Spot
12.72,143.65,99.82,0.2923,116.71,Apple Black Rot
24.24,105.95,93.7,0.3577,55.12,Apple Black Rot
10.33,81.42,132.94,0.4062,74.85,Apple Black Rot
68.8,152.15,217.28,0.0227,13.23,Healthy
27.96,104.73,114.06,0.3833,61.39,Apple Black Rot
29.29,129.89,51.21,0.1532,74.99,Tomato Early Blight
21.86,183.44,94.43,0.1143,72.4,Rice Brown Spot
16.35,104.58,90.28,0.4631,50.03,Potato Late Blight
23.67,159.78,171.15,0.2487,32.25,Rice Brown Spot
29.45,183.54,79.98,0.0565,32.89,Corn Common Rust
16.89,142.2,149.24,0.2852,90.17,Potato Late Blight
26.42,104.04,69.16,0.4714,57.13,Tomato Early Blight
31.0,155.18,72.87,0.4847,60.37,Tomato Early Blight
21.75,163.14,149.11,0.1627,51.38,Corn Common Rust
37.76,148.25,108.84,0.2288,77.32,Rice Brown Spot
27.58,198.04,122.4,0.1495,40.23,Corn Common Rust
22.66,149.57,135.32,0.0566,61.8,Corn Common Rust
11.73,174.08,100.69,0.2933,106.76,Potato Late Blight
36.8,197.39,108.79,0.215,55.78,Corn Common Rust
56.17,128.25,151.03,0.0011,12.56,Healthy
23.3,139.04,56.13,0.2768,100.62,Apple Black Rot
10.25,123.75,138.27,0.1682,63.38,Apple Black Rot
21.73,186.3,151.61,0.2197,51.13,Rice Brown Spot
32.4,161.8,75.28,0.245,58.77,Tomato Early Blight
34.99,120.58,72.05,0.4169,87.97,Potato Late Blight
51.42,141.45,190.46,0.0006,15.38,Healthy
24.59,175.22,54.24,0.2429,92.11,Apple Black Rot
33.96,132.99,131.61,0.2061,65.42,Rice Brown Spot
19.23,173.29,132.75,0.394,100.0,Potato Late Blight
30.09,92.2,62.51,0.4477,74.12,Potato Late Blight
30.18,99.52,84.53,0.2675,118.5,Tomato Early Blight
12.97,156.47,117.11,0.3024,88.45,Potato Late Blight
51.42,116.3,194.34,0.022,17.69,Healthy
29.55,92.44,129.75,0.3656,109.03,Potato Late Blight
31.77,170.11,147.68,0.1569,57.04,Rice Brown Spot
30.14,191.85,164.89,0.0859,70.0,Corn Common Rust
33.81,102.67,137.93,0.4331,97.4,Potato Late Blight
23.7,207.14,144.0,0.2093,42.52,Rice Brown Spot
31.27,178.19,112.8,0.2366,61.4,Potato Late Blight
56.47,128.76,136.81,0.0106,22.43,Healthy
52.92,187.8,172.66,0.0074,17.12,Healthy
20.82,148.54,83.25,0.1698,76.17,Tomato Early Blight
44.46,198.49,150.68,0.0732,69.05,Rice Brown Spot
25.03,179.04,82.53,0.4794,114.03,Apple Black Rot
21.25,177.71,60.31,0.3417,118.53,Tomato Early Blight
62.14,170.46,150.73,0.0104,17.95,Healthy
25.14,131.68,124.02,0.3707,88.47,Potato Late Blight
34.21,140.36,57.7,0.1765,116.6,Apple Black Rot
20.76,149.58,95.8,0.1822,88.74,Potato Late Blight
15.45,216.5,97.6,0.1852,65.33,Corn Common Rust
17.82,107.11,109.77,0.4531,116.27,Apple Black Rot
21.23,141.23,71.31,0.4787,50.47,Tomato Early Blight
25.63,117.36,55.05,0.3696,76.99,Apple Black Rot
56.26,193.97,126.46,0.0218,22.34,Healthy
34.43,90.19,50.83,0.3018,56.48,Apple Black Rot
12.11,160.72,136.13,0.436,85.89,Potato Late Blight
10.23,138.95,111.33,0.3732,66.94,Potato Late Blight
21.12,185.4,160.02,0.06,75.58,Rice Brown Spot
46.43,127.08,129.71,0.0019,19.18,Healthy
15.38,139.71,109.48,0.2803,73.31,Potato Late Blight
30.13,162.3,143.27,0.3405,64.02,Tomato Early Blight
22.84,105.34,148.77,0.252,103.95,Tomato Early Blight
67.62,158.44,164.6,0.0081,17.37,Healthy
31.5,83.5,128.74,0.294,111.16,Apple Black Rot
27.64,122.76,94.25,0.3773,115.54,Potato Late Blight
27.58,170.01,156.36,0.1698,40.05,Rice Brown Spot
22.57,85.62,99.11,0.4745,57.38,Apple Black Rot
20.24,145.52,76.02,0.2058,61.23,Potato Late Blight
38.6,214.25,152.15,0.1941,71.32,Corn Common Rust
12.76,108.92,80.98,0.2375,86.05,Potato Late Blight
50.71,135.38,199.43,0.0237,16.16,Healthy
24.8,155.44,125.62,0.2382,73.82,Corn Common Rust
42.11,127.76,161.18,0.1198,56.08,Corn Common Rust
35.31,203.79,164.46,0.1997,51.96,Corn Common Rust
17.4,125.92,91.11,0.4027,76.94,Apple Black Rot
19.96,120.2,149.06,0.1965,55.75,Corn Common Rust
23.53,114.52,91.42,0.4063,111.72,Apple Black Rot
18.86,90.53,72.24,0.3317,92.54,Tomato Early Blight
14.17,104.37,76.76,0.2675,102.46,Apple Black Rot
23.92,121.58,92.89,0.3393,98.75,Potato Late Blight
14.29,130.01,91.2,0.4547,94.2,Tomato Early Blight
35.9,169.57,172.64,0.1378,79.02,Corn Common Rust
46.19,139.19,207.48,0.0061,20.16,Healthy
38.29,181.13,164.3,0.1846,50.41,Corn Common Rust
33.85,188.86,97.86,0.052,66.17,Corn Common Rust
53.95,187.42,124.41,0.0038,15.71,Healthy
22.76,162.06,90.46,0.3195,50.94,Apple Black Rot
19.7,160.35,140.18,0.2212,54.69,Apple Black Rot
21.98,98.17,124.31,0.4468,88.19,Apple Black Rot
42.22,137.55,196.46,0.013,29.94,Healthy
11.07,124.64,57.0,0.4052,92.59,Potato Late Blight
19.36,116.95,54.53,0.2725,115.05,Apple Black Rot
15.44,146.17,98.4,0.1519,106.31,Apple Black Rot
18.11,124.87,133.91,0.1352,57.4,Corn Common Rust
25.51,187.75,153.44,0.0529,40.36,Corn Common Rust
37.27,136.99,91.45,0.2281,67.5,Rice Brown Spot
47.75,160.54,151.98,0.0232,27.05,Healthy
33.97,135.65,122.13,0.1933,43.55,Corn Common Rust
14.63,139.98,136.15,0.454,100.7,Potato Late Blight
14.7,87.7,119.62,0.284,107.53,Potato Late Blight
33.96,123.11,104.93,0.3366,94.57,Tomato Early Blight
25.91,112.45,76.95,0.2168,98.62,Potato Late Blight
34.64,202.38,76.95,0.2054,71.08,Corn Common Rust
29.67,157.37,124.78,0.2027,65.21,Apple Black Rot
22.79,123.37,166.71,0.0987,57.87,Corn Common Rust
26.67,112.3,139.79,0.4608,72.77,Apple Black Rot
28.09,186.68,80.38,0.1996,70.64,Corn Common Rust
17.02,129.49,179.88,0.1153,67.41,Corn Common Rust
40.74,219.76,96.56,0.0581,50.56,Corn Common Rust
68.83,189.17,201.9,0.0122,10.27,Healthy
34.63,143.2,71.58,0.2029,61.19,Rice Brown Spot
16.17,203.71,138.15,0.1627,61.23,Rice Brown Spot
27.07,159.06,77.63,0.1777,66.65,Corn Common Rust
27.68,118.92,72.89,0.3589,114.97,Tomato Early Blight
19.29,141.85,113.31,0.3142,81.01,Apple Black Rot
26.24,160.44,121.51,0.3576,53.73,Tomato Early Blight
30.82,116.24,136.36,0.1885,114.75,Potato Late Blight
30.01,189.09,146.68,0.1797,43.76,Rice Brown Spot
28.69,161.03,91.38,0.2215,52.96,Potato Late Blight
26.69,163.74,66.97,0.1567,104.54,Tomato Early Blight
27.49,163.82,130.28,0.4863,87.52,Potato Late Blight
20.05,95.37,107.26,0.247,114.49,Tomato Early Blight
28.51,89.49,109.41,0.3959,54.66,Tomato Early Blight
12.11,140.68,138.1,0.459,96.13,Tomato Early Blight
44.29,188.35,111.3,0.21,74.23,Corn Common Rust
69.92,103.0,207.68,0.0187,29.47,Healthy
16.87,153.53,77.37,0.2451,70.85,Corn Common Rust
33.45,88.51,88.56,0.1749,64.76,Tomato Early Blight
21.87,85.52,144.24,0.1762,80.69,Tomato Early Blight
44.19,195.93,176.45,0.1379,43.92,Rice Brown Spot
18.16,109.94,73.25,0.1954,67.95,Potato Late Blight
50.61,130.25,217.04,0.0051,27.96,Healthy
18.57,166.47,65.49,0.179,83.92,Tomato Early Blight
24.09,160.38,63.71,0.3532,85.39,Potato Late Blight
17.79,80.31,67.42,0.4564,80.92,Apple Black Rot
30.56,85.7,91.86,0.3105,100.75,Tomato Early Blight
26.68,157.7,136.22,0.2599,87.66,Tomato Early Blight
44.68,208.95,110.86,0.089,54.47,Corn Common Rust
54.78,148.32,200.59,0.0108,27.2,Healthy
13.08,149.85,91.61,0.3298,113.23,Tomato Early Blight
43.54,137.55,132.45,0.1659,54.48,Corn Common Rust
15.75,135.27,87.22,0.3816,59.89,Apple Black Rot
31.37,96.53,135.43,0.3218,78.46,Apple Black Rot
25.1,137.66,105.88,0.2799,105.0,Apple Black Rot
33.47,169.4,83.75,0.4053,90.13,Potato Late Blight
20.25,187.28,94.26,0.0936,73.7,Corn Common Rust
28.79,142.35,110.03,0.1687,76.36,Apple Black Rot
44.56,145.83,142.15,0.0028,19.72,Healthy
33.71,174.47,110.99,0.4736,105.01,Tomato Early Blight
29.04,166.63,153.66,0.0809,54.36,Corn Common Rust
22.82,150.41,143.52,0.2815,99.57,Tomato Early Blight
14.27,83.05,70.44,0.2691,85.74,Tomato Early Blight
35.1,166.83,155.09,0.0747,61.32,Rice Brown Spot
23.78,123.82,133.92,0.2062,51.75,Apple Black Rot
15.39,113.6,96.57,0.4207,114.05,Tomato Early Blight
14.34,117.98,130.14,0.2872,102.55,Potato Late Blight
26.29,101.08,105.65,0.4498,108.45,Potato Late Blight
19.15,111.8,124.94,0.3009,56.13,Apple Black Rot
47.03,134.51,103.61,0.0288,23.36,Healthy
25.93,139.73,115.34,0.2173,70.7,Potato Late Blight
33.68,168.49,123.91,0.2471,69.71,Apple Black Rot
21.39,147.81,104.3,0.2714,80.5,Tomato Early Blight
17.8,114.0,57.89,0.305,68.27,Potato Late Blight
34.79,134.1,148.48,0.4786,81.7,Tomato Early Blight
11.55,89.24,66.28,0.3583,60.53,Apple Black Rot
21.22,171.32,68.94,0.1518,54.21,Apple Black Rot
62.54,175.39,169.35,0.0271,26.35,Healthy
33.54,158.42,96.24,0.4527,67.46,Tomato Early Blight
31.4,115.68,125.75,0.2533,70.92,Tomato Early Blight
53.2,172.97,212.83,0.0181,27.26,Healthy
18.6,193.49,128.46,0.1076,54.64,Rice Brown Spot
13.43,153.39,113.22,0.3543,77.31,Tomato Early Blight
32.56,114.4,123.3,0.3805,115.21,Apple Black Rot
41.19,172.31,146.97,0.1322,58.03,Rice Brown Spot
15.32,202.66,158.11,0.0709,58.84,Rice Brown Spot
18.56,218.06,93.62,0.0634,59.74,Corn Common Rust
60.99,161.69,203.62,0.0067,27.46,Healthy
32.04,149.64,173.21,0.2137,79.18,Corn Common Rust
40.95,178.21,128.81,0.0043,12.31,Healthy
60.76,145.79,127.18,0.0184,15.06,Healthy
18.98,162.36,132.07,0.3171,74.56,Tomato Early Blight
30.14,112.82,70.91,0.1796,82.67,Apple Black Rot
32.82,136.57,68.27,0.1989,90.35,Apple Black Rot
26.54,165.91,103.36,0.2365,35.93,Corn Common Rust
11.91,122.08,110.17,0.478,71.83,Apple Black Rot
14.03,145.64,147.12,0.3468,100.03,Apple Black Rot
21.72,143.91,126.35,0.2047,32.2,Corn Common Rust
11.92,115.47,105.07,0.2911,108.36,Potato Late Blight
28.15,209.93,175.85,0.1388,67.5,Corn Common Rust
26.9,145.82,57.01,0.2883,62.72,Apple Black Rot
10.73,170.72,65.63,0.227,86.28,Potato Late Blight
23.93,103.14,100.24,0.406,117.07,Tomato Early Blight
40.09,125.02,121.11,0.1259,45.83,Corn Common Rust
12.28,111.48,54.31,0.4233,77.88,Potato Late Blight
30.61,94.64,133.29,0.3391,109.13,Tomato Early Blight
12.69,156.81,100.05,0.3018,67.47,Apple Black Rot
22.85,110.85,107.3,0.2638,52.75,Tomato Early Blight
30.71,151.28,119.67,0.2635,66.37,Potato Late Blight
18.65,147.11,130.54,0.4814,78.01,Potato Late Blight
21.36,158.02,149.76,0.2169,82.18,Potato Late Blight
13.01,173.85,68.12,0.368,65.59,Tomato Early Blight
31.39,161.72,87.62,0.0842,50.91,Rice Brown Spot
63.92,172.42,182.85,0.0102,26.1,Healthy
59.85,160.24,119.56,0.007,10.47,Healthy
43.45,150.46,99.1,0.106,43.89,Corn Common Rust
52.59,105.06,104.73,0.0172,17.86,Healthy
36.93,214.68,155.98,0.1127,42.39,Corn Common Rust
24.71,119.77,147.38,0.3405,69.27,Tomato Early Blight
24.15,155.15,63.2,0.3296,63.61,Potato Late Blight
27.78,203.24,158.62,0.0949,41.3,Rice Brown Spot
17.63,128.99,91.26,0.0601,61.32,Corn Common Rust
17.51,141.11,152.77,0.0603,54.63,Corn Common Rust
36.83,168.44,146.32,0.1606,40.81,Corn Common Rust
39.16,196.02,86.93,0.0798,43.41,Corn Common Rust
27.23,132.56,88.84,0.2155,59.24,Rice Brown Spot
27.43,99.34,114.15,0.2409,112.03,Potato Late Blight
24.36,132.21,82.23,0.1796,73.76,Rice Brown Spot
44.23,154.56,112.67,0.0014,23.13,Healthy
19.01,147.13,77.06,0.1784,119.48,Potato Late Blight
22.62,91.73,66.91,0.2731,103.32,Tomato Early Blight
40.98,148.94,121.44,0.1739,50.56,Corn Common Rust
25.47,146.54,100.07,0.3757,51.65,Tomato Early Blight
16.97,92.92,59.95,0.3611,86.65,Potato Late Blight
16.2,208.99,179.12,0.1088,40.52,Rice Brown Spot
29.79,140.25,101.16,0.1714,70.15,Tomato Early Blight
26.85,164.69,82.43,0.3868,91.6,Tomato Early Blight
29.15,80.54,50.13,0.2823,60.04,Tomato Early Blight
28.92,214.31,105.62,0.1822,62.61,Corn Common Rust
34.51,141.23,83.42,0.1903,35.67,Corn Common Rust
14.59,139.41,91.14,0.1942,51.95,Tomato Early Blight
12.04,105.86,52.79,0.371,79.85,Tomato Early Blight
36.73,169.26,139.68,0.2111,49.89,Rice Brown Spot
32.76,136.59,72.72,0.1226,57.33,Rice Brown Spot
33.03,154.1,170.9,0.1313,37.16,Corn Common Rust
44.74,192.68,156.32,0.2489,60.27,Rice Brown Spot
65.13,161.45,169.74,0.0076,25.13,Healthy
33.11,112.58,62.78,0.3048,52.97,Potato Late Blight
24.71,186.51,131.22,0.1185,36.73,Rice Brown Spot
42.73,166.07,124.89,0.1137,74.71,Rice Brown Spot
17.47,169.12,51.36,0.263,88.8,Potato Late Blight
10.32,134.03,135.12,0.4852,89.6,Apple Black Rot
56.59,181.23,146.09,0.02,29.78,Healthy
16.01,89.5,81.49,0.1838,62.38,Potato Late Blight
21.1,133.19,137.36,0.4984,90.79,Apple Black Rot
49.6,147.65,138.2,0.0147,27.19,Healthy
35.84,156.47,151.24,0.1833,35.98,Corn Common Rust
36.02,195.35,166.01,0.15,66.51,Rice Brown Spot
38.41,187.37,154.42,0.1115,54.6,Corn Common Rust
40.5,139.62,83.81,0.2427,35.4,Corn Common Rust
17.45,107.78,127.15,0.3782,108.27,Tomato Early Blight
24.64,134.43,73.37,0.3732,107.4,Potato Late Blight
23.08,107.18,89.92,0.3595,95.71,Apple Black Rot
41.94,200.99,134.14,0.196,48.24,Rice Brown Spot
32.69,179.66,120.04,0.4197,73.61,Potato Late Blight
32.78,82.09,81.58,0.1699,103.66,Potato Late Blight
17.58,176.65,112.81,0.4757,97.33,Apple Black Rot
20.31,173.47,75.09,0.1922,90.92,Tomato Early Blight
51.34,106.2,140.72,0.0152,13.24,Healthy
22.48,90.63,61.41,0.4794,111.09,Apple Black Rot
32.08,121.48,88.73,0.3809,80.94,Apple Black Rot
26.91,165.54,115.65,0.1961,36.77,Rice Brown Spot
44.54,147.74,172.22,0.0175,18.03,Healthy
23.92,136.25,144.32,0.0576,61.0,Rice Brown Spot
11.46,135.24,109.52,0.4552,90.39,Apple Black Rot
22.63,149.55,128.3,0.1857,59.64,Corn Common Rust
51.89,129.63,117.22,0.0045,18.66,Healthy
33.43,172.37,105.1,0.144,55.12,Rice Brown Spot
12.0,127.68,113.01,0.44,104.84,Apple Black Rot
20.86,187.85,105.54,0.2475,46.28,Corn Common Rust
28.05,84.03,90.54,0.3307,90.65,Apple Black Rot
15.31,209.51,86.41,0.2072,60.9,Corn Common Rust
66.22,101.29,127.2,0.017,17.03,Healthy
26.1,118.1,55.46,0.3598,113.17,Tomato Early Blight
37.56,210.55,161.89,0.0894,52.06,Rice Brown Spot
24.7,115.31,129.98,0.3441,107.82,Potato Late Blight
21.65,124.54,51.46,0.2366,110.64,Apple Black Rot
27.45,121.43,122.62,0.0542,70.98,Rice Brown Spot
33.13,196.37,127.57,0.0954,63.33,Corn Common Rust
15.37,134.3,151.65,0.0988,59.9,Corn Common Rust
26.93,171.17,123.16,0.1266,71.96,Rice Brown Spot
29.23,120.73,72.84,0.1607,56.02,Rice Brown Spot
31.95,135.79,145.98,0.167,56.86,Potato Late Blight
30.56,170.28,102.49,0.3079,73.13,Apple Black Rot
21.36,125.16,143.69,0.4944,105.75,Apple Black Rot
22.96,104.58,85.81,0.4963,97.9,Apple Black Rot
11.17,172.81,59.11,0.2501,97.07,Potato Late Blight
41.66,133.11,191.92,0.0124,23.06,Healthy
25.06,137.71,80.83,0.2413,59.97,Rice Brown Spot
22.26,96.95,55.1,0.3661,64.54,Apple Black Rot
23.67,127.51,142.24,0.1755,69.64,Tomato Early Blight
59.42,184.38,138.99,0.0206,29.23,Healthy
21.74,159.93,115.06,0.2456,39.04,Corn Common Rust
14.87,161.05,77.27,0.406,76.05,Apple Black Rot
39.12,206.64,76.56,0.1884,37.0,Rice Brown Spot
21.49,147.58,111.86,0.349,54.14,Potato Late Blight
35.26,159.6,84.63,0.0817,77.46,Rice Brown Spot
28.02,132.76,115.0,0.1209,45.14,Corn Common Rust
27.52,138.9,143.87,0.2724,67.07,Potato Late Blight
29.15,175.35,132.73,0.092,67.11,Corn Common Rust
18.87,158.02,106.39,0.2414,98.65,Potato Late Blight
27.37,139.58,126.45,0.0761,52.03,Corn Common Rust
22.84,161.91,135.92,0.1527,44.41,Rice Brown Spot
20.39,170.8,74.26,0.182,72.31,Tomato Early Blight
33.54,97.44,97.16,0.182,93.8,Tomato Early Blight
50.85,112.54,130.43,0.0193,15.51,Healthy
65.85,157.71,206.88,0.0179,26.2,Healthy
25.29,109.57,75.57,0.2646,61.52,Potato Late Blight
38.72,158.47,117.96,0.1688,59.48,Rice Brown Spot
25.39,88.16,58.78,0.2101,86.27,Apple Black Rot
32.37,121.46,109.64,0.171,49.37,Rice Brown Spot
49.26,129.35,131.92,0.01,21.15,Healthy
28.76,176.46,142.93,0.1858,76.59,Corn Common Rust
28.4,100.84,63.29,0.3735,72.38,Tomato Early Blight
44.13,100.09,208.39,0.0007,14.19,Healthy
35.25,143.91,153.38,0.202,45.63,Corn Common Rust
21.29,217.66,141.02,0.2369,45.17,Rice Brown Spot
32.16,95.14,65.19,0.265,53.81,Potato Late Blight
35.15,192.93,133.26,0.0914,55.22,Corn Common Rust
13.68,100.66,81.33,0.3726,77.88,Tomato Early Blight
23.07,139.86,156.17,0.2319,48.51,Rice Brown Spot
49.71,176.52,117.18,0.0197,22.83,Healthy
18.48,86.24,98.62,0.1882,67.4,Apple Black Rot
33.0,168.56,130.05,0.2352,73.57,Rice Brown Spot
29.12,94.67,119.03,0.4808,97.78,Tomato Early Blight
41.61,166.94,127.75,0.0073,16.12,Healthy
39.07,206.14,85.1,0.2405,46.44,Rice Brown Spot
33.59,167.13,78.94,0.4241,106.23,Apple Black Rot
36.15,194.2,144.55,0.1005,73.65,Corn Common Rust
17.68,165.97,145.95,0.2262,56.17,Apple Black Rot
64.62,167.66,176.33,0.0121,21.56,Healthy
25.11,126.09,132.87,0.4403,99.66,Potato Late Blight
20.06,126.88,120.56,0.4728,59.94,Apple Black Rot
36.76,131.26,114.86,0.2273,32.36,Rice Brown Spot
18.74,166.25,73.31,0.3933,94.07,Apple Black Rot
23.95,197.55,113.24,0.0779,30.54,Corn Common Rust
46.65,105.62,130.68,0.0158,13.43,Healthy
21.02,167.99,100.55,0.3277,59.69,Tomato Early Blight
16.25,87.34,116.31,0.3584,79.06,Potato Late Blight
27.32,201.76,168.46,0.2206,63.68,Corn Common Rust
21.45,105.66,125.21,0.3295,72.46,Potato Late Blight
17.79,164.57,75.96,0.1506,76.35,Apple Black Rot
21.13,161.87,94.16,0.05,75.75,Corn Common Rust
28.56,96.78,62.04,0.1737,100.68,Apple Black Rot
46.96,170.56,136.92,0.0073,11.46,Healthy
25.53,151.87,61.06,0.1625,119.6,Potato Late Blight
11.35,98.99,53.9,0.2871,106.17,Tomato Early Blight
37.17,188.65,159.66,0.2255,68.66,Corn Common Rust
10.25,157.8,96.07,0.4961,83.83,Apple Black Rot
24.06,107.94,128.25,0.4603,77.9,Tomato Early Blight
12.43,150.64,84.56,0.1524,78.24,Tomato Early Blight
13.05,81.83,140.41,0.174,119.43,Potato Late Blight
16.03,103.36,56.82,0.2155,88.89,Apple Black Rot
27.52,157.69,166.35,0.2311,54.65,Rice Brown Spot
56.11,184.0,140.72,0.0213,29.88,Healthy
18.01,96.43,128.32,0.1929,94.44,Apple Black Rot
18.16,82.08,126.09,0.165,110.53,Potato Late Blight
11.95,175.54,74.7,0.4509,61.82,Apple Black Rot
29.49,141.23,82.71,0.2173,55.12,Corn Common Rust
64.59,188.82,123.91,0.0085,15.78,Healthy
33.81,155.45,94.55,0.3573,99.07,Apple Black Rot
17.76,130.33,129.64,0.4088,95.19,Tomato Early Blight
12.96,120.15,129.31,0.2272,63.02,Apple Black Rot
15.25,106.09,146.96,0.4071,98.97,Tomato Early Blight
33.69,94.12,126.35,0.188,118.69,Potato Late Blight
21.95,156.8,112.86,0.3716,81.52,Apple Black Rot
67.53,188.75,175.05,0.0242,11.38,Healthy
56.86,167.14,211.16,0.0186,26.5,Healthy
30.36,118.21,63.23,0.2188,66.62,Apple Black Rot
24.11,173.3,108.65,0.3341,103.15,Tomato Early Blight
21.12,166.9,158.1,0.086,35.49,Rice Brown Spot
25.29,188.39,72.79,0.188,45.81,Corn Common Rust
28.13,116.04,58.71,0.2208,88.18,Tomato Early Blight
17.45,88.98,141.08,0.1521,83.87,Apple Black Rot
30.31,114.28,61.15,0.3496,90.71,Apple Black Rot
28.54,134.67,138.45,0.3439,87.42,Tomato Early Blight
28.22,110.15,109.94,0.2204,112.32,Tomato Early Blight
25.16,215.21,151.17,0.1695,74.04,Corn Common Rust
49.42,149.92,125.99,0.0262,11.74,Healthy
20.59,114.21,146.16,0.3057,84.23,Tomato Early Blight
32.93,135.36,79.92,0.3008,71.85,Tomato Early Blight
20.84,164.85,86.33,0.4279,115.87,Potato Late Blight
28.54,160.51,134.5,0.2883,53.59,Apple Black Rot
11.56,118.75,108.34,0.3125,93.34,Tomato Early Blight
20.59,194.94,130.03,0.0908,44.6,Rice Brown Spot
10.67,118.05,60.61,0.336,77.7,Tomato Early Blight
20.68,127.51,139.8,0.3338,99.51,Tomato Early Blight
21.17,92.34,70.6,0.1503,52.75,Apple Black Rot
50.74,133.37,146.52,0.0042,24.76,Healthy
36.84,180.03,150.44,0.2039,78.77,Rice Brown Spot
18.54,144.85,56.84,0.4641,58.36,Potato Late Blight
40.26,181.41,105.84,0.0883,57.77,Rice Brown Spot
18.5,166.96,58.81,0.4219,109.33,Potato Late Blight
16.85,162.77,123.99,0.4262,58.34,Potato Late Blight
14.91,101.17,54.15,0.2627,89.18,Potato Late Blight
26.67,123.54,145.31,0.4017,115.11,Tomato Early Blight
17.78,173.22,160.38,0.0703,69.59,Rice Brown Spot
22.06,85.73,67.46,0.3976,99.82,Potato Late Blight
69.09,172.76,210.71,0.0229,21.83,Healthy
35.0,182.34,136.27,0.148,56.43,Corn Common Rust
13.41,152.8,131.31,0.2401,104.21,Potato Late Blight
20.91,145.83,93.77,0.2469,89.07,Tomato Early Blight
11.74,169.34,88.78,0.2508,100.73,Tomato Early Blight
10.92,127.48,83.63,0.4722,50.84,Apple Black Rot
58.71,106.31,138.95,0.0202,16.75,Healthy
25.35,103.66,98.35,0.3002,55.24,Apple Black Rot
53.7,184.57,113.71,0.0077,26.56,Healthy
11.55,137.68,61.92,0.1628,53.69,Tomato Early Blight
19.57,151.91,104.75,0.4803,67.56,Apple Black Rot
51.8,161.67,203.3,0.0104,23.08,Healthy
17.89,90.66,86.68,0.1848,103.66,Apple Black Rot
31.71,136.46,101.66,0.2496,86.2,Potato Late Blight
25.77,125.56,98.2,0.4152,69.73,Tomato Early Blight
42.87,141.91,113.6,0.0052,20.95,Healthy
23.66,104.97,84.33,0.4482,89.15,Tomato Early Blight
28.79,170.62,124.34,0.3365,110.25,Tomato Early Blight
17.39,188.31,172.58,0.1651,36.31,Rice Brown Spot
29.16,120.64,137.98,0.377,112.95,Apple Black Rot
23.15,151.62,162.95,0.1453,63.49,Corn Common Rust
35.29,150.1,90.24,0.2013,53.71,Rice Brown Spot
27.39,174.42,149.55,0.3076,67.68,Potato Late Blight
69.54,120.91,115.64,0.0061,25.38,Healthy
40.16,200.86,104.97,0.0518,49.11,Rice Brown Spot
42.6,153.84,209.59,0.0116,26.59,Healthy
44.31,138.69,118.98,0.1476,70.65,Corn Common Rust
33.45,107.56,83.22,0.3953,103.57,Potato Late Blight
15.12,159.8,123.85,0.1723,77.11,Potato Late Blight
15.09,175.46,141.85,0.1664,73.72,Potato Late Blight
22.17,182.89,140.44,0.2201,67.04,Rice Brown Spot
15.47,112.62,125.62,0.2878,92.57,Apple Black Rot
22.28,149.17,171.67,0.0961,44.46,Corn Common Rust
45.04,135.48,148.0,0.0017,21.67,Healthy
26.85,81.67,83.89,0.4285,55.42,Tomato Early Blight
20.27,130.46,50.74,0.3921,96.29,Potato Late Blight
22.86,165.68,96.69,0.2759,87.53,Potato Late Blight
40.93,165.69,122.26,0.1272,78.34,Corn Common Rust
27.23,166.36,149.68,0.2994,57.78,Apple Black Rot
27.51,207.77,92.44,0.2153,57.88,Corn Common Rust
24.34,160.17,125.3,0.2179,62.54,Rice Brown Spot
20.78,132.91,102.76,0.206,53.58,Corn Common Rust
44.99,133.27,212.79,0.0103,29.76,Healthy
18.23,85.25,95.02,0.2392,74.63,Tomato Early Blight
23.04,92.46,146.14,0.3726,103.61,Potato Late Blight
40.66,177.45,116.13,0.014,22.12,Healthy
21.43,109.03,106.19,0.1892,92.67,Apple Black Rot
20.82,133.55,97.7,0.2862,112.12,Apple Black Rot
63.56,148.74,213.44,0.0017,28.62,Healthy
28.58,147.87,175.48,0.0786,58.99,Rice Brown Spot
33.8,162.36,120.9,0.3557,107.44,Apple Black Rot
12.06,95.45,93.96,0.3287,68.12,Potato Late Blight
18.46,206.97,121.94,0.1926,49.65,Rice Brown Spot
32.13,210.96,70.68,0.2121,77.42,Corn Common Rust
14.04,176.07,103.75,0.155,68.03,Apple Black Rot
27.32,153.32,149.54,0.2506,87.68,Apple Black Rot
66.48,109.7,106.68,0.0039,11.15,Healthy
33.1,142.73,129.82,0.189,55.76,Rice Brown Spot
60.04,113.33,202.22,0.0245,10.27,Healthy
50.41,143.18,193.81,0.0145,25.88,Healthy
29.92,113.8,120.55,0.2156,102.54,Apple Black Rot
16.52,80.91,114.83,0.3289,81.19,Tomato Early Blight
11.99,150.7,115.43,0.4554,67.09,Apple Black Rot
33.15,146.0,88.88,0.196,68.37,Apple Black Rot
66.01,124.4,216.01,0.0287,14.95,Healthy
35.7,203.74,105.53,0.2278,38.03,Rice Brown Spot
27.19,107.35,123.65,0.1681,53.45,Apple Black Rot
50.6,131.56,158.92,0.0096,13.85,Healthy
29.1,131.41,127.94,0.3329,94.87,Apple Black Rot
47.25,168.13,185.92,0.0182,11.77,Healthy
11.6,139.61,123.96,0.2238,108.91,Tomato Early Blight
30.37,121.74,80.97,0.4782,97.4,Apple Black Rot
11.82,99.91,84.78,0.3671,88.14,Potato Late Blight
17.69,191.54,99.83,0.2021,66.12,Rice Brown Spot
46.52,136.67,146.91,0.0293,29.09,Healthy
21.11,110.33,121.66,0.2755,68.75,Potato Late Blight
63.33,185.83,201.38,0.0108,23.74,Healthy
41.83,170.16,101.18,0.0123,16.59,Healthy
31.66,124.42,63.71,0.4518,107.13,Potato Late Blight
36.81,189.29,178.61,0.095,63.12,Rice Brown Spot
30.94,165.8,113.65,0.1362,58.46,Rice Brown Spot
21.86,113.38,107.93,0.4612,89.85,Potato Late Blight
27.86,124.46,52.71,0.3072,70.75,Tomato Early Blight
14.54,130.41,82.28,0.2403,82.48,Apple Black Rot
53.65,116.36,136.49,0.0186,16.04,Healthy
25.71,123.86,53.88,0.3248,103.53,Apple Black Rot
53.75,152.87,104.13,0.0192,11.63,Healthy
22.48,109.65,76.51,0.3012,119.93,Apple Black Rot
43.1,158.5,158.63,0.0157,23.34,Healthy
32.77,123.57,62.91,0.4098,95.02,Potato Late Blight
12.81,84.93,75.75,0.1975,68.2,Apple Black Rot
19.67,162.11,146.95,0.3089,85.49,Apple Black Rot
28.4,107.51,113.91,0.2693,119.84,Potato Late Blight
29.73,140.29,115.42,0.4994,55.25,Potato Late Blight
65.09,197.44,217.07,0.002,26.44,Healthy
31.98,131.42,103.92,0.2393,103.75,Tomato Early Blight
20.98,83.99,86.23,0.4392,99.1,Potato Late Blight
11.38,122.69,96.9,0.475,94.88,Tomato Early Blight
26.94,213.15,107.21,0.2328,79.05,Rice Brown Spot
25.66,188.25,142.85,0.1931,43.41,Corn Common Rust
18.76,185.55,74.38,0.1695,73.48,Corn Common Rust
28.47,165.93,78.47,0.1842,71.06,Corn Common Rust
24.32,93.72,143.77,0.2732,81.23,Tomato Early Blight
12.55,171.11,132.05,0.416,53.41,Apple Black Rot
25.14,143.19,102.71,0.3539,97.87,Tomato Early Blight
24.56,98.66,68.82,0.2145,53.99,Tomato Early Blight
65.21,101.75,105.88,0.0172,26.39,Healthy
56.24,128.41,219.37,0.029,18.81,Healthy
58.77,158.08,189.0,0.0203,14.12,Healthy
23.51,189.39,103.64,0.2018,60.99,Rice Brown Spot
22.82,114.33,82.86,0.3608,72.56,Tomato Early Blight
38.44,190.33,161.79,0.0612,67.38,Corn Common Rust
34.21,151.42,175.38,0.0567,58.99,Rice Brown Spot
27.81,97.59,73.54,0.323,114.04,Potato Late Blight
40.44,192.11,217.13,0.0067,14.16,Healthy
26.15,103.29,65.68,0.3892,91.56,Potato Late Blight
17.74,124.8,90.55,0.4944,70.46,Tomato Early Blight
50.64,156.46,130.28,0.0275,15.31,Healthy
14.92,174.73,70.56,0.3648,65.62,Tomato Early Blight
28.59,214.57,144.45,0.1103,39.42,Rice Brown Spot
12.33,94.39,60.47,0.298,105.69,Apple Black Rot
13.26,144.34,69.72,0.1842,61.68,Potato Late Blight
22.11,136.49,83.71,0.1232,41.47,Rice Brown Spot
35.48,182.87,99.27,0.0578,52.78,Rice Brown Spot
32.08,203.24,179.08,0.0827,64.59,Rice Brown Spot
21.68,148.57,72.63,0.1961,112.09,Apple Black Rot
12.68,158.07,141.02,0.284,94.14,Tomato Early Blight
20.94,111.04,126.21,0.4777,115.85,Apple Black Rot
68.59,123.93,174.89,0.0142,27.51,Healthy
32.81,143.32,122.11,0.24,100.36,Apple Black Rot
35.42,149.96,120.35,0.0691,74.91,Corn Common Rust
26.31,120.52,109.6,0.1876,51.18,Potato Late Blight
32.82,97.74,50.7,0.4319,55.38,Tomato Early Blight
26.97,103.68,58.4,0.4195,94.11,Apple Black Rot
44.32,216.44,88.01,0.1099,35.01,Corn Common Rust
38.45,140.38,98.67,0.0685,49.97,Rice Brown Spot
25.74,121.62,66.65,0.4952,107.46,Potato Late Blight
40.56,114.36,178.95,0.0218,25.73,Healthy
17.65,128.31,56.32,0.3639,118.86,Tomato Early Blight
62.59,150.0,115.34,0.0175,16.0,Healthy
21.86,161.61,93.21,0.4287,91.68,Potato Late Blight
30.34,151.5,74.88,0.4686,60.81,Tomato Early Blight
17.81,121.67,166.09,0.0973,40.58,Rice Brown Spot
24.6,170.6,87.88,0.2419,72.58,Corn Common Rust
59.93,134.34,102.29,0.0207,28.91,Healthy
20.88,132.52,69.96,0.4127,102.25,Tomato Early Blight
53.28,173.22,127.96,0.0244,21.77,Healthy
25.55,164.02,77.62,0.1656,59.88,Rice Brown Spot
15.88,174.12,75.82,0.1902,32.79,Corn Common Rust
18.97,179.56,98.02,0.3201,89.61,Tomato Early Blight
66.07,190.45,100.09,0.0178,24.39,Healthy
20.77,166.39,97.04,0.233,46.77,Rice Brown Spot
22.17,173.49,113.71,0.4645,81.96,Apple Black Rot
33.25,125.87,68.16,0.2558,53.56,Tomato Early Blight
27.19,212.66,148.15,0.1338,55.86,Rice Brown Spot
34.61,146.64,78.54,0.355,57.66,Tomato Early Blight
45.24,164.8,129.45,0.0215,25.54,Healthy
10.12,121.27,60.05,0.3282,51.73,Potato Late Blight
23.33,179.6,130.05,0.446,94.47,Potato Late Blight
21.2,212.51,110.27,0.0707,65.12,Rice Brown Spot
18.46,80.71,118.03,0.4389,60.26,Potato Late Blight
26.25,154.2,53.15,0.1926,94.32,Potato Late Blight
19.22,156.97,131.09,0.2901,116.3,Tomato Early Blight
23.01,83.71,58.07,0.3853,98.24,Apple Black Rot
33.41,162.55,129.13,0.2203,106.36,Tomato Early Blight
13.7,174.09,68.29,0.3486,76.39,Apple Black Rot
48.21,139.97,217.94,0.0161,20.05,Healthy
40.42,156.69,211.87,0.02,26.45,Healthy
43.6,210.32,148.51,0.2136,63.37,Corn Common Rust
55.1,176.51,158.23,0.0045,22.97,Healthy
31.5,101.3,110.78,0.1793,95.01,Potato Late Blight
11.82,142.68,75.32,0.4313,107.25,Apple Black Rot
43.03,140.65,150.85,0.2233,56.04,Corn Common Rust
31.39,128.95,115.98,0.2207,72.81,Rice Brown Spot
32.94,156.46,57.91,0.3066,57.13,Apple Black Rot
25.58,115.61,128.89,0.2318,94.74,Tomato Early Blight
18.0,156.32,130.22,0.2848,79.25,Apple Black Rot
18.81,162.75,87.69,0.1901,67.94,Corn Common Rust
24.53,87.89,69.17,0.3161,75.3,Apple Black Rot
23.39,119.42,134.82,0.3225,83.03,Tomato Early Blight
31.17,163.19,90.35,0.2667,84.43,Apple Black Rot
67.53,190.83,172.55,0.0158,21.15,Healthy
15.97,174.93,80.51,0.2091,82.25,Tomato Early Blight
41.05,132.31,165.29,0.0166,17.13,Healthy
60.17,132.88,133.37,0.0055,19.95,Healthy
28.99,100.6,120.93,0.1574,79.33,Potato Late Blight
17.15,152.28,144.53,0.471,90.84,Apple Black Rot
40.58,139.82,166.18,0.1205,66.13,Corn Common Rust
32.65,92.66,67.85,0.3226,55.74,Potato Late Blight
32.5,193.48,105.37,0.0569,36.36,Corn Common Rust
36.07,185.89,178.8,0.103,63.6,Corn Common Rust
15.05,91.01,88.34,0.443,110.57,Potato Late Blight
36.83,131.52,134.69,0.1834,40.04,Rice Brown Spot
31.19,127.75,71.98,0.0705,50.52,Corn Common Rust
12.8,164.95,103.28,0.315,118.68,Tomato Early Blight
18.54,195.65,80.48,0.0555,50.18,Corn Common Rust
68.39,157.98,164.83,0.0015,11.26,Healthy
35.4,140.29,152.02,0.2491,63.28,Rice Brown Spot
19.64,150.12,97.39,0.1245,42.73,Corn Common Rust
21.25,100.47,106.65,0.3773,71.18,Apple Black Rot
16.98,116.94,65.95,0.4599,50.7,Potato Late Blight
20.12,139.77,105.07,0.1687,40.51,Rice Brown Spot
34.25,82.2,130.27,0.4258,70.8,Apple Black Rot
16.42,89.25,60.09,0.2197,119.99,Apple Black Rot
25.97,94.12,142.06,0.1828,116.85,Potato Late Blight
15.04,209.4,127.39,0.1025,68.36,Rice Brown Spot
16.46,113.72,90.23,0.1679,84.76,Tomato Early Blight
35.78,144.35,172.48,0.071,43.4,Corn Common Rust
13.79,159.85,120.72,0.2166,75.67,Tomato Early Blight
16.42,137.64,175.15,0.0641,47.75,Rice Brown Spot
57.36,191.13,166.49,0.0052,17.57,Healthy
19.77,155.42,116.14,0.1281,63.29,Rice Brown Spot
15.53,152.92,100.03,0.2953,61.84,Apple Black Rot
38.92,192.01,79.47,0.1428,38.7,Corn Common Rust
10.45,120.03,104.99,0.3669,96.44,Potato Late Blight
15.39,92.05,135.15,0.2048,118.23,Apple Black Rot
32.58,85.09,136.36,0.2693,112.97,Potato Late Blight
18.75,172.84,56.56,0.3423,91.36,Potato Late Blight
33.66,180.68,163.44,0.1582,70.19,Corn Common Rust
11.56,118.39,94.44,0.1996,57.17,Potato Late Blight
42.55,130.29,189.35,0.0289,24.36,Healthy
31.7,168.13,85.02,0.1791,100.72,Apple Black Rot
10.44,150.32,52.17,0.3709,61.45,Apple Black Rot
22.6,81.35,86.29,0.3604,109.4,Apple Black Rot
55.73,167.07,132.33,0.0083,28.67,Healthy
31.86,151.46,79.28,0.187,65.39,Corn Common Rust
31.37,155.94,78.96,0.0887,77.54,Corn Common Rust
27.06,167.15,73.75,0.4926,77.05,Potato Late Blight
30.26,144.31,151.92,0.0836,39.5,Rice Brown Spot
42.01,186.48,81.57,0.1844,61.77,Rice Brown Spot
39.76,206.82,115.55,0.1896,43.41,Rice Brown Spot
14.38,81.01,64.88,0.4216,81.27,Potato Late Blight
23.51,125.82,144.5,0.3858,54.54,Tomato Early Blight
22.21,166.98,120.1,0.1664,47.84,Rice Brown Spot
64.91,166.4,140.6,0.0281,28.24,Healthy
23.14,151.81,108.15,0.4817,53.76,Potato Late Blight
25.01,133.01,52.78,0.2363,82.17,Apple Black Rot
22.71,179.18,76.61,0.4416,79.88,Apple Black Rot
61.82,163.38,116.86,0.0133,21.23,Healthy
18.24,124.06,135.7,0.3895,111.77,Potato Late Blight
32.49,216.02,142.64,0.1545,31.18,Corn Common Rust
22.8,174.07,54.78,0.2733,109.96,Apple Black Rot
43.77,131.1,206.31,0.0232,24.71,Healthy
34.71,126.53,55.82,0.2418,80.52,Apple Black Rot
28.25,118.72,128.44,0.3225,62.66,Apple Black Rot
16.3,129.08,57.55,0.3663,96.61,Potato Late Blight
68.63,187.42,184.95,0.0214,15.05,Healthy
15.97,179.53,129.31,0.2438,54.21,Rice Brown Spot
23.79,164.11,149.68,0.3006,72.42,Potato Late Blight
25.02,86.25,122.12,0.2306,97.96,Apple Black Rot
47.96,168.61,213.85,0.008,26.23,Healthy
31.3,115.66,76.14,0.4813,100.84,Tomato Early Blight
21.23,159.65,104.71,0.3775,102.76,Tomato Early Blight
43.51,152.82,115.22,0.0178,19.65,Healthy
20.15,177.04,61.24,0.244,84.47,Potato Late Blight
20.61,151.47,110.38,0.2546,78.76,Potato Late Blight
51.66,144.37,206.96,0.0123,12.9,Healthy
29.51,100.12,58.01,0.3161,50.7,Tomato Early Blight
34.75,148.68,131.56,0.1059,47.44,Rice Brown Spot
16.57,198.28,163.01,0.2098,55.42,Corn Common Rust
31.13,152.72,148.08,0.2045,65.8,Apple Black Rot
21.79,175.98,117.62,0.4677,101.08,Potato Late Blight
40.06,156.54,162.58,0.1609,75.08,Rice Brown Spot
10.23,87.54,75.04,0.3843,112.18,Apple Black Rot
25.17,98.85,130.5,0.4886,68.8,Tomato Early Blight
42.58,155.91,160.33,0.0043,18.84,Healthy
49.52,148.37,135.35,0.0078,10.52,Healthy
23.85,80.16,78.32,0.4585,91.56,Potato Late Blight
20.51,177.69,87.03,0.1212,64.85,Corn Common Rust
34.68,154.11,152.23,0.16,52.62,Corn Common Rust
34.1,217.48,160.82,0.062,48.81,Rice Brown Spot
32.04,174.19,123.96,0.1803,96.84,Potato Late Blight
18.49,151.9,78.7,0.2375,74.94,Apple Black Rot
17.54,118.4,135.44,0.4121,69.06,Apple Black Rot
10.73,156.91,140.19,0.3062,88.55,Apple Black Rot
21.37,172.01,122.22,0.1017,70.93,Rice Brown Spot
43.1,150.84,165.65,0.2028,42.39,Rice Brown Spot
26.82,133.04,116.28,0.3566,79.59,Apple Black Rot
17.64,132.45,115.19,0.4228,103.7,Potato Late Blight
14.29,160.78,119.29,0.3446,98.97,Apple Black Rot
30.44,134.93,142.98,0.4818,54.85,Potato Late Blight
67.21,158.74,110.25,0.0135,25.13,Healthy
25.05,149.74,59.05,0.3241,68.42,Potato Late Blight
41.89,188.57,164.49,0.0678,73.25,Rice Brown Spot
27.26,162.89,134.41,0.1542,37.49,Rice Brown Spot
13.37,109.62,107.23,0.3046,74.27,Apple Black Rot
38.88,150.58,78.01,0.2365,49.73,Rice Brown Spot
43.91,134.56,196.92,0.0074,11.27,Healthy
33.22,172.32,166.19,0.0587,43.05,Corn Common Rust
47.0,186.44,137.12,0.0208,10.32,Healthy
18.79,134.35,57.27,0.4265,65.24,Tomato Early Blight
30.08,136.19,124.09,0.3817,74.89,Tomato Early Blight
19.56,110.45,52.49,0.1514,65.9,Tomato Early Blight
21.48,161.8,142.99,0.3408,96.3,Apple Black Rot
17.96,143.21,147.98,0.2147,72.85,Corn Common Rust
44.62,170.54,129.24,0.0141,21.83,Healthy
11.89,162.76,92.77,0.3586,56.28,Potato Late Blight
10.43,134.97,135.78,0.3159,50.29,Apple Black Rot
33.34,114.46,66.1,0.3471,116.06,Potato Late Blight
32.21,124.19,64.28,0.4175,105.3,Tomato Early Blight
31.55,127.71,149.46,0.3877,55.19,Potato Late Blight
20.2,108.74,105.79,0.2565,56.05,Potato Late Blight
28.49,203.69,132.95,0.2498,44.34,Rice Brown Spot
57.95,160.18,107.74,0.0292,20.88,Healthy
34.38,103.23,138.13,0.2649,57.9,Tomato Early Blight
39.2,124.99,136.37,0.2114,37.85,Rice Brown Spot
28.6,218.93,76.02,0.121,54.1,Corn Common Rust
57.97,127.44,148.0,0.0234,28.82,Healthy
31.26,135.05,132.59,0.2562,77.89,Apple Black Rot
60.65,125.98,130.56,0.0299,13.76,Healthy
55.8,105.71,113.27,0.0066,19.29,Healthy
