crop,area_acres,yield_tons,selling_price_per_ton,estimated_expenses,expected_revenue,expected_profit
Tomato,12.15,55.01,979.69,12348.7,53889.22,41540.51
Maize,3.18,7.83,1066.18,3251.86,8345.27,5093.41
Soybean,10.11,24.58,922.0,14423.0,22663.86,8240.86
Maize,3.55,16.05,504.24,3296.32,8091.97,4795.64
Cotton,1.32,13.44,599.86,470.94,8061.4,7590.46
Cotton,6.13,55.32,985.18,3307.3,54495.76,51188.47
Tomato,14.77,135.86,1059.94,16483.45,144007.3,127523.85
Rice,1.91,32.78,1165.63,2426.76,38211.19,35784.43
Rice,1.22,6.5,441.03,1370.25,2865.18,1494.93
Cotton,7.93,16.4,1109.32,4843.06,18192.51,13349.44
Soybean,11.58,98.56,407.94,11357.92,40207.74,28849.82
Sugarcane,14.57,208.26,1139.5,20021.91,237312.74,217290.83
Potato,11.18,77.02,770.44,10343.18,59339.15,48995.97
Potato,5.55,43.95,471.35,7190.38,20718.01,13527.64
Maize,14.51,167.14,476.0,9514.06,79558.15,70044.1
Sugarcane,2.04,36.34,972.24,1100.45,35335.82,34235.37
Soybean,1.2,5.72,911.34,1494.25,5215.88,3721.63
Wheat,2.04,15.1,315.87,2720.37,4769.92,2049.55
Soybean,7.29,22.42,570.82,8040.57,12796.89,4756.32
Sugarcane,11.21,134.79,1087.21,9719.12,146550.56,136831.44
Sugarcane,14.6,226.46,921.73,8516.77,208739.38,200222.61
Potato,7.91,80.12,627.54,2615.32,50279.37,47664.06
Sugarcane,3.82,62.26,675.37,3732.03,42046.0,38313.97
Cotton,13.71,76.94,610.38,16538.42,46960.3,30421.88
Cotton,14.2,161.61,894.78,19263.1,144609.42,125346.32
Maize,12.31,147.16,1071.46,15569.5,157679.19,142109.69
Cotton,6.83,109.8,524.35,3050.14,57575.49,54525.34
Rice,5.45,18.08,427.94,4429.95,7736.3,3306.35
Cotton,5.94,38.76,364.66,5585.19,14132.33,8547.14
Potato,4.11,14.29,537.62,5882.73,7683.58,1800.85
Potato,4.06,43.51,603.84,1535.17,26270.59,24735.42
Maize,14.47,81.84,697.25,9568.27,57065.18,47496.91
Rice,14.97,88.34,1176.61,11873.57,103944.05,92070.48
Tomato,4.9,80.8,439.56,2322.48,35516.87,33194.39
Cotton,7.27,77.22,792.7,2885.95,61209.1,58323.15
Soybean,4.33,58.48,567.78,4581.21,33204.45,28623.24
Potato,6.58,98.56,998.35,3165.77,98399.93,95234.16
Wheat,3.61,7.85,790.89,4019.61,6205.75,2186.14
Wheat,10.96,162.77,548.67,4551.29,89307.53,84756.24
Rice,10.67,84.12,1136.73,4963.27,95617.57,90654.3
Cotton,11.29,55.9,741.45,12816.92,41444.63,28627.71
Tomato,10.24,153.43,755.2,9580.14,115873.87,106293.73
Maize,14.95,260.53,758.29,20316.17,197556.03,177239.86
Tomato,5.75,41.73,925.96,7910.13,38640.35,30730.22
Soybean,6.66,107.6,1050.93,9480.03,113077.1,103597.08
Cotton,13.58,156.25,209.2,5727.48,32686.99,26959.52
Wheat,14.63,90.49,505.36,12915.58,45730.43,32814.85
Wheat,10.13,52.67,912.18,5921.51,48041.99,42120.48
Sugarcane,3.5,26.44,944.17,4082.05,24963.98,20881.94
Soybean,8.96,27.28,567.72,5537.18,15485.96,9948.78
Potato,9.26,163.42,686.74,12844.06,112229.55,99385.49
Wheat,12.13,118.77,776.9,10805.73,92272.43,81466.7
Sugarcane,4.22,41.11,772.0,5161.13,31740.25,26579.12
Soybean,3.48,59.21,1153.93,4863.84,68328.11,63464.27
Wheat,11.47,197.55,530.75,11047.39,104847.2,93799.81
Tomato,14.49,225.69,494.45,11043.6,111590.86,100547.26
Tomato,4.76,45.24,572.69,3681.43,25908.94,22227.51
Potato,10.74,117.18,297.18,11152.8,34822.76,23669.96
Potato,6.02,34.28,495.29,4136.83,16979.59,12842.76
Soybean,10.76,140.84,559.49,7017.7,78796.34,71778.65
Tomato,6.88,39.39,811.51,2736.42,31963.12,29226.7
Tomato,8.02,117.69,849.96,9163.13,100029.21,90866.08
Soybean,1.71,27.59,227.62,1701.59,6280.66,4579.08
Soybean,9.1,19.04,665.6,8651.8,12671.79,4019.99
Sugarcane,12.75,200.06,450.25,4417.46,90075.14,85657.67
Tomato,6.04,21.73,722.24,7396.18,15696.12,8299.94
Cotton,14.51,131.27,1042.02,7739.43,136789.52,129050.1
Potato,8.57,102.98,926.09,12605.03,95366.53,82761.5
Cotton,11.0,23.96,598.82,9026.03,14349.66,5323.63
Maize,2.1,4.03,1162.65,2734.57,4680.02,1945.45
Rice,10.64,26.17,1115.21,8839.12,29189.61,20350.49
Soybean,8.69,115.49,860.2,5525.62,99341.05,93815.43
Soybean,8.23,101.62,635.67,9683.28,64599.42,54916.15
Wheat,4.47,32.95,957.85,1417.65,31557.91,30140.26
Potato,2.29,6.98,511.41,3371.59,3568.65,197.06
Sugarcane,7.64,23.79,691.62,6631.43,16452.22,9820.8
Rice,7.51,91.73,248.06,10800.13,22753.43,11953.3
Cotton,1.63,12.55,825.86,1476.98,10366.94,8889.95
Rice,8.55,109.33,815.85,12251.17,89198.32,76947.15
Maize,1.37,15.31,1140.23,1358.23,17456.23,16098.0
Maize,9.03,32.68,1011.2,11597.77,33046.71,21448.94
Cotton,6.41,111.2,1105.35,3426.58,122910.69,119484.1
Sugarcane,4.0,30.93,238.96,4172.04,7391.59,3219.54
Tomato,2.0,13.5,1044.88,654.75,14109.45,13454.7
Maize,4.65,45.03,892.89,3338.52,40207.56,36869.04
Wheat,13.28,181.05,1003.48,8481.45,181681.8,173200.35
Maize,6.93,75.39,775.92,8161.73,58494.74,50333.01
Cotton,6.21,88.85,540.8,8796.53,48047.77,39251.25
Sugarcane,4.34,55.2,939.91,2542.94,51881.28,49338.34
Potato,13.64,134.13,1026.46,9327.66,137678.95,128351.29
Wheat,2.4,5.72,1158.54,3159.49,6623.98,3464.48
Rice,5.47,93.96,1150.61,5405.43,108110.54,102705.11
Tomato,2.17,6.53,802.44,2088.97,5237.02,3148.05
Sugarcane,11.53,167.94,989.62,4722.26,166192.69,161470.44
Maize,14.64,262.53,255.87,17339.62,67173.27,49833.66
Sugarcane,5.91,20.29,342.99,7177.04,6959.45,-217.59
Cotton,13.14,201.44,626.09,7449.41,126121.22,118671.81
Rice,12.51,164.49,281.35,5024.99,46279.6,41254.61
Wheat,9.14,143.85,1080.36,5336.96,155412.78,150075.83
Tomato,14.8,206.23,576.26,5924.58,118842.52,112917.94
Sugarcane,6.29,82.64,448.72,4381.02,37080.84,32699.83
Potato,7.9,13.32,668.66,2902.56,8909.55,6006.99
Cotton,11.74,177.0,944.21,13117.3,167128.95,154011.65
Cotton,14.47,111.21,485.71,19423.91,54016.25,34592.33
Potato,7.11,104.75,1177.9,6875.58,123379.58,116504.0
Tomato,13.48,137.55,1192.96,5236.18,164092.89,158856.71
Wheat,10.74,29.47,366.22,6013.86,10790.94,4777.08
Tomato,7.36,87.29,784.31,10171.97,68465.17,58293.21
Rice,13.81,239.23,257.86,10683.77,61689.14,51005.37
Soybean,9.68,58.83,388.12,8291.91,22834.95,14543.04
Maize,4.21,24.8,560.35,2577.2,13895.08,11317.88
Wheat,10.77,111.47,509.53,13753.93,56795.07,43041.14
Cotton,4.79,17.72,276.2,6848.04,4895.34,-1952.7
Wheat,11.16,129.7,618.24,15839.2,80183.11,64343.9
Maize,8.72,36.81,611.26,10755.58,22497.71,11742.13
Maize,14.82,59.02,794.13,11221.18,46868.7,35647.52
Potato,12.61,137.3,263.51,4339.6,36180.81,31841.21
Tomato,4.83,11.73,1064.72,6157.64,12491.59,6333.95
Tomato,11.5,190.5,785.15,13469.0,149572.95,136103.95
Maize,12.9,71.97,650.54,5867.14,46819.98,40952.84
Wheat,4.85,23.84,1078.22,5856.2,25704.7,19848.5
Maize,6.01,20.29,871.57,5559.41,17684.54,12125.13
Potato,12.64,83.14,1016.39,18473.06,84507.15,66034.09
Potato,13.27,108.28,334.02,4440.39,36165.6,31725.21
Tomato,11.99,144.42,1005.04,16585.11,145145.63,128560.52
Soybean,1.2,8.77,789.92,927.63,6926.03,5998.41
Wheat,2.27,30.67,747.45,1912.67,22921.59,21008.92
Tomato,6.55,77.08,1062.36,9430.53,81882.57,72452.03
Cotton,7.43,114.39,968.92,2819.88,110838.73,108018.84
Sugarcane,14.72,141.73,528.75,15604.88,74940.74,59335.87
Soybean,5.78,59.93,660.12,5791.83,39559.85,33768.03
Wheat,2.94,35.54,381.88,2104.07,13572.81,11468.73
Wheat,13.24,132.42,1173.11,13536.01,155346.71,141810.71
Wheat,1.57,6.74,478.59,805.59,3225.95,2420.36
Sugarcane,8.68,89.58,555.99,11920.93,49806.23,37885.29
Rice,8.05,103.75,239.31,10134.59,24828.36,14693.78
Rice,10.63,105.68,356.98,8000.9,37724.33,29723.43
Rice,4.88,72.18,948.26,2542.62,68445.73,65903.11
Tomato,8.51,142.55,436.12,10316.41,62169.42,51853.01
Potato,7.48,103.41,236.68,4507.15,24475.51,19968.36
Tomato,10.62,163.91,949.62,3574.44,155648.02,152073.58
Maize,7.26,74.73,442.47,4526.0,33066.28,28540.28
Sugarcane,3.55,38.38,1040.71,1445.81,39943.06,38497.25
Potato,2.68,43.35,793.59,2984.28,34398.41,31414.13
Wheat,10.08,94.92,784.2,11940.77,74434.04,62493.27
Tomato,11.44,98.61,327.58,7325.21,32301.67,24976.46
Potato,13.6,156.68,444.35,12206.97,69620.59,57413.62
Potato,9.48,51.33,301.78,4583.34,15490.98,10907.64
Tomato,7.83,121.66,287.89,9920.07,35023.28,25103.21
Soybean,13.55,38.28,724.51,10741.79,27731.82,16990.03
Cotton,14.96,243.78,776.0,20959.3,189176.76,168217.46
Tomato,12.44,71.59,370.89,13712.41,26552.37,12839.96
Rice,11.06,114.21,676.62,14445.58,77278.3,62832.72
Sugarcane,3.62,24.75,625.44,3289.8,15481.97,12192.17
Rice,8.42,110.86,967.78,3407.07,107284.15,103877.07
Potato,3.16,29.84,732.59,1144.91,21858.14,20713.23
Maize,7.36,77.66,748.92,3989.55,58161.09,54171.54
Soybean,12.34,70.35,881.5,14957.32,62011.39,47054.07
Wheat,7.62,87.68,994.29,3263.51,87184.22,83920.71
Sugarcane,12.63,220.03,324.3,14864.46,71354.68,56490.21
Rice,3.87,30.02,1126.45,4512.12,33816.96,29304.83
Cotton,12.79,48.67,995.27,6929.19,48434.81,41505.62
Potato,12.55,57.43,435.69,13311.37,25023.22,11711.85
Potato,6.02,96.22,592.45,7709.76,57005.22,49295.47
Tomato,10.99,179.67,824.1,10418.43,148070.02,137651.59
Tomato,8.04,42.86,1099.57,6114.33,47122.41,41008.08
Potato,1.93,10.2,742.85,1580.6,7578.84,5998.24
Wheat,9.79,68.77,339.27,12262.59,23331.51,11068.91
Sugarcane,7.94,108.99,773.15,11881.92,84267.96,72386.04
Rice,5.36,30.04,943.95,1825.08,28355.57,26530.49
Potato,11.0,106.13,954.64,4657.18,101313.24,96656.07
Sugarcane,2.55,39.42,327.49,1979.8,12910.13,10930.33
Sugarcane,8.56,81.51,608.96,10494.38,49638.71,39144.33
Wheat,9.98,129.19,742.72,6007.18,95953.73,89946.55
Sugarcane,12.58,217.86,542.52,7203.33,118195.26,110991.93
Tomato,7.47,127.93,353.35,7494.04,45204.08,37710.04
Potato,2.41,13.8,926.1,2438.99,12781.87,10342.89
Cotton,8.91,115.81,1122.5,10236.94,129993.68,119756.74
Maize,11.8,90.58,268.92,4633.87,24359.72,19725.86
Potato,14.08,236.17,650.84,6137.77,153706.89,147569.12
Sugarcane,3.32,15.17,1037.49,2317.38,15743.14,13425.77
Potato,8.26,93.02,599.0,3022.16,55717.4,52695.24
Rice,3.88,56.23,803.72,1695.21,45190.86,43495.66
Cotton,8.52,142.15,546.35,6105.78,77664.35,71558.56
Maize,13.86,155.03,232.85,19336.57,36097.84,16761.27
Potato,3.47,33.73,618.93,4849.6,20878.45,16028.85
Rice,11.93,72.52,420.1,6622.04,30464.63,23842.59
Rice,3.49,60.62,348.66,2785.44,21136.52,18351.08
Cotton,8.49,38.58,499.6,5705.29,19274.37,13569.08
Potato,11.5,57.08,1098.05,6280.62,62673.47,56392.84
Sugarcane,9.75,75.39,1036.56,9797.87,78145.65,68347.78
Rice,11.86,106.47,724.39,9828.77,77126.29,67297.52
Maize,7.96,112.44,302.98,5580.55,34066.03,28485.48
Tomato,14.25,109.12,470.74,15282.69,51365.67,36082.98
Cotton,12.21,215.54,1039.79,16366.86,224120.45,207753.59
Soybean,1.38,7.12,431.07,1525.93,3069.65,1543.72
Sugarcane,9.33,66.23,769.44,12735.94,50959.46,38223.52
Cotton,4.33,13.61,443.17,5057.22,6033.31,976.09
Soybean,12.3,213.75,1144.41,5770.44,244615.8,238845.35
Potato,5.1,83.14,213.0,2054.95,17709.6,15654.65
Tomato,12.87,45.39,1076.44,13794.41,48860.51,35066.1
Maize,13.5,202.3,541.82,8251.07,109607.83,101356.76
Maize,6.08,12.56,1030.65,4344.54,12944.61,8600.07
Soybean,8.73,75.91,494.47,12553.07,37532.52,24979.45
Potato,11.92,40.34,765.78,17665.69,30889.04,13223.35
Tomato,12.2,103.88,222.47,7592.18,23109.72,15517.54
Soybean,10.78,87.8,418.02,11582.55,36703.62,25121.08
Potato,14.78,150.39,371.68,9264.66,55895.6,46630.94
Wheat,12.52,128.16,1015.05,11235.88,130087.69,118851.81
Maize,8.76,107.28,1029.74,4797.07,110468.47,105671.39
Maize,2.96,17.32,466.5,3489.03,8079.68,4590.65
Maize,9.41,117.34,375.37,13144.68,44045.11,30900.43
Maize,6.66,94.72,622.04,4827.11,58922.07,54094.96
Potato,11.33,32.48,803.15,6736.24,26087.09,19350.85
Sugarcane,12.72,110.83,1115.51,14828.44,123632.78,108804.35
Soybean,8.93,83.54,863.67,12717.59,72147.21,59429.62
Sugarcane,7.77,46.27,739.84,3842.89,34235.68,30392.79
Cotton,1.72,16.67,796.84,1205.85,13280.58,12074.73
Maize,7.64,54.87,551.54,6075.95,30261.99,24186.03
Sugarcane,10.64,92.28,446.4,13647.26,41192.98,27545.72
Sugarcane,1.03,18.04,205.25,437.59,3702.6,3265.01
Sugarcane,2.28,37.97,336.82,3286.94,12787.35,9500.4
Tomato,8.3,24.32,1158.17,10041.42,28165.59,18124.17
Tomato,12.29,152.05,892.28,16213.39,135670.07,119456.68
Rice,13.65,166.08,893.18,4939.09,148342.77,143403.68
Maize,1.55,20.4,1125.25,801.89,22950.62,22148.72
Sugarcane,7.62,50.8,320.52,8976.3,16281.96,7305.66
Wheat,13.94,244.29,1144.27,12116.0,279533.1,267417.1
Potato,1.77,15.93,722.43,1898.25,11510.31,9612.05
Potato,9.35,49.5,320.57,3667.54,15867.37,12199.83
Sugarcane,8.42,73.94,604.49,8313.47,44692.74,36379.27
Soybean,8.55,124.42,518.75,8989.67,64542.22,55552.55
Soybean,6.98,111.36,617.51,5959.34,68767.16,62807.83
Maize,1.3,20.68,728.94,1851.77,15072.12,13220.36
Wheat,1.98,3.28,252.68,804.55,828.95,24.4
Potato,7.72,91.49,1073.68,11429.97,98231.8,86801.83
Maize,2.28,16.1,722.52,2691.96,11633.27,8941.3
Rice,2.55,18.72,487.24,1669.5,9121.61,7452.11
Potato,9.25,56.18,1110.34,3274.74,62376.19,59101.45
Tomato,6.38,81.12,418.25,9187.73,33930.33,24742.6
Sugarcane,4.63,51.86,1182.33,6295.83,61315.7,55019.86
Soybean,7.54,87.67,367.03,11235.49,32176.62,20941.13
Wheat,6.62,101.48,430.57,8587.38,43693.41,35106.03
Potato,4.23,18.66,420.49,2215.03,7847.55,5632.51
Wheat,12.57,184.89,829.78,7032.29,153419.91,146387.62
Rice,13.99,250.62,373.9,10847.97,93704.97,82857.0
Maize,7.88,141.3,1097.44,6742.83,155070.74,148327.91
Sugarcane,4.13,42.82,792.94,4117.34,33955.93,29838.59
Maize,7.4,58.89,472.96,6456.42,27854.49,21398.07
Wheat,14.38,226.11,1009.52,15619.9,228264.91,212645.01
Sugarcane,11.29,69.37,452.65,3456.76,31401.27,27944.5
Wheat,11.13,107.74,281.05,6278.57,30279.8,24001.23
Sugarcane,13.52,241.51,261.52,18383.97,63158.16,44774.19
Potato,9.29,140.4,547.81,10349.65,76913.65,66563.99
Wheat,13.1,178.32,721.26,17581.38,128618.1,111036.72
Cotton,12.91,204.08,908.36,16837.59,185380.84,168543.25
Rice,14.02,45.52,898.99,7390.13,40919.1,33528.97
Sugarcane,13.33,211.79,229.25,17211.59,48551.69,31340.1
Maize,12.48,65.79,1108.7,3760.55,72946.53,69185.98
Maize,12.65,124.9,206.39,8152.16,25776.56,17624.4
Potato,5.57,59.81,315.84,4188.88,18890.07,14701.18
Soybean,8.56,122.98,306.98,10385.03,37753.22,27368.19
Maize,7.05,108.32,592.15,3634.25,64143.71,60509.46
Sugarcane,2.44,41.31,887.89,928.77,36678.83,35750.06
Wheat,3.33,47.35,908.57,2890.78,43017.78,40127.0
Potato,9.69,21.85,1071.54,14230.87,23418.24,9187.38
Sugarcane,7.24,88.26,794.4,5507.42,70113.99,64606.57
Sugarcane,1.31,8.96,688.64,1603.75,6168.86,4565.11
Maize,1.01,4.18,668.54,1453.82,2795.76,1341.94
Wheat,7.32,30.74,994.81,8288.65,30580.49,22291.84
Cotton,12.76,181.84,430.05,5838.66,78200.78,72362.11
Wheat,14.31,57.14,632.33,20499.77,36131.85,15632.08
Soybean,13.0,226.44,960.09,10802.39,217406.2,206603.82
Wheat,6.73,109.39,429.95,3740.41,47033.27,43292.86
Soybean,13.15,174.9,762.75,11389.0,133401.29,122012.28
Wheat,14.55,66.39,1068.62,17930.18,70942.16,53011.98
Tomato,7.35,75.36,217.86,9234.91,16418.35,7183.44
Cotton,1.46,24.3,816.65,1827.71,19841.23,18013.52
Rice,1.02,11.57,807.31,607.34,9339.34,8732.0
Rice,3.81,36.59,264.21,3801.12,9668.35,5867.23
Sugarcane,9.26,80.12,1184.35,4441.91,94887.54,90445.63
Sugarcane,2.01,16.07,679.94,2054.59,10923.9,8869.31
Soybean,10.2,142.68,1152.65,14168.61,164462.13,150293.52
Wheat,7.73,24.97,442.05,11466.97,11037.4,-429.58
Soybean,1.26,11.89,410.35,899.14,4879.55,3980.41
Soybean,1.14,7.83,717.71,460.9,5618.71,5157.81
Sugarcane,2.16,32.55,557.8,1479.52,18157.53,16678.01
Potato,8.95,115.18,1000.59,4832.22,115252.3,110420.08
Tomato,10.39,178.63,324.22,14284.76,57916.96,43632.21
Rice,14.11,33.26,741.3,16235.33,24653.7,8418.38
Soybean,14.26,168.55,983.42,14757.97,165758.14,151000.18
Tomato,2.12,34.51,747.59,2717.26,25797.05,23079.78
Maize,7.73,16.8,364.0,6389.71,6114.74,-274.98
Maize,1.84,10.29,359.54,2483.53,3699.55,1216.02
Maize,5.61,51.9,944.28,7547.12,49010.61,41463.49
Sugarcane,10.22,99.36,755.36,11888.51,75052.39,63163.88
Potato,5.65,59.07,693.28,2248.71,40953.74,38705.03
Wheat,10.52,28.32,230.65,6410.94,6532.26,121.33
Cotton,3.44,59.67,615.91,4523.6,36752.09,32228.49
Sugarcane,5.84,44.54,1187.65,2034.16,52894.17,50860.01
Rice,8.2,91.82,229.39,6348.73,21062.73,14714.01
Cotton,13.23,216.43,621.72,8362.61,134558.92,126196.31
Wheat,4.97,36.94,583.85,4272.51,21565.34,17292.82
Sugarcane,11.26,41.35,915.82,15665.83,37866.72,22200.89
Tomato,9.86,75.41,712.62,7841.46,53741.75,45900.29
Potato,7.89,44.03,1070.75,6584.73,47146.53,40561.81
Soybean,9.11,113.29,295.26,9863.97,33450.0,23586.03
Rice,14.57,83.92,856.74,10057.85,71898.86,61841.02
Soybean,9.38,75.48,437.03,5456.65,32985.59,27528.94
Maize,2.03,8.73,719.77,1429.2,6281.14,4851.94
Potato,3.04,27.11,787.88,4373.28,21358.66,16985.38
Rice,3.34,14.24,236.67,3951.83,3370.55,-581.28
Sugarcane,8.47,121.95,905.39,7077.19,110413.69,103336.49
Tomato,13.16,64.42,311.92,8205.27,20092.55,11887.28
Maize,2.72,14.46,251.7,2906.67,3639.94,733.27
Wheat,7.33,123.96,516.16,6661.35,63980.55,57319.2
Potato,10.63,85.68,679.9,11944.72,58255.52,46310.8
Potato,14.33,172.56,1067.92,12114.79,184275.58,172160.8
Tomato,8.3,59.41,732.24,3744.29,43500.18,39755.89
Potato,5.31,69.72,401.85,5885.24,28016.81,22131.57
Maize,3.64,49.31,356.16,2114.75,17562.94,15448.19
Tomato,3.48,44.99,1038.12,4988.85,46706.71,41717.87
Maize,1.25,6.88,1030.88,1665.53,7096.7,5431.17
Rice,1.43,24.03,889.53,1584.8,21378.43,19793.63
Wheat,14.17,214.61,866.97,14067.7,186059.21,171991.51
Potato,10.21,183.68,248.21,15035.09,45591.15,30556.06
Rice,14.91,207.43,290.48,9636.04,60253.99,50617.95
Wheat,13.3,108.63,527.03,14643.93,57252.77,42608.85
Potato,13.62,217.71,517.2,18286.32,112596.94,94310.62
Rice,2.68,28.13,205.76,1849.89,5787.58,3937.69
Cotton,9.54,102.98,580.42,9138.97,59769.01,50630.04
Rice,4.33,33.13,427.27,1677.63,14154.76,12477.14
Wheat,3.36,40.64,959.34,3024.19,38990.52,35966.33
Sugarcane,13.09,131.72,679.18,4328.68,89458.7,85130.01
Maize,2.52,9.99,726.62,1503.01,7262.1,5759.09
Cotton,9.51,134.3,1012.99,11049.0,136040.07,124991.07
Wheat,8.3,125.04,630.86,11417.53,78880.32,67462.79
Sugarcane,13.57,74.89,1127.03,5053.3,84398.32,79345.02
Sugarcane,7.71,36.31,366.33,8023.25,13301.13,5277.88
Sugarcane,4.99,32.77,1003.03,4723.81,32873.2,28149.39
Soybean,2.25,30.08,599.91,3319.18,18045.66,14726.48
Maize,2.71,12.15,881.12,1401.18,10704.66,9303.49
Sugarcane,3.58,22.84,993.41,1871.93,22688.23,20816.3
Soybean,14.48,137.26,1005.99,13905.67,138080.5,124174.83
Soybean,8.37,28.07,202.58,8919.98,5686.15,-3233.83
Sugarcane,13.38,70.42,412.04,13822.76,29015.1,15192.33
Maize,6.05,99.52,969.94,5856.97,96527.92,90670.94
Wheat,11.93,71.97,1022.61,9643.1,73600.87,63957.77
Maize,12.33,174.52,349.7,9974.45,61028.85,51054.4
Sugarcane,3.35,45.79,1062.8,1877.53,48660.94,46783.41
Rice,3.5,23.27,430.25,1915.02,10012.69,8097.67
Wheat,4.25,33.77,794.48,3806.06,26825.89,23019.83
Maize,4.84,54.98,875.84,4026.26,48154.29,44128.03
Sugarcane,11.05,142.78,1191.26,5015.86,170083.35,165067.49
Wheat,9.45,66.72,1105.52,11590.49,73763.19,62172.69
Cotton,2.2,35.75,391.87,1513.16,14007.84,12494.68
Wheat,5.81,67.88,642.41,7542.55,43604.76,36062.21
Cotton,12.2,65.37,740.01,16551.13,48376.78,31825.65
Maize,10.52,55.86,656.86,5559.64,36690.24,31130.61
Maize,14.92,185.29,757.78,17555.16,140406.75,122851.6
Potato,5.67,62.81,288.77,8244.14,18137.78,9893.65
Sugarcane,10.66,51.33,735.83,4434.71,37771.92,33337.2
Rice,12.51,19.01,500.85,18476.36,9522.77,-8953.59
Wheat,13.98,75.1,599.32,6751.17,45007.14,38255.97
Sugarcane,11.32,160.55,443.66,12519.03,71227.53,58708.5
Cotton,9.73,28.9,955.27,4410.27,27611.21,23200.93
Soybean,8.1,33.42,263.11,3571.67,8793.99,5222.33
Tomato,4.68,34.86,287.64,6671.05,10026.18,3355.13
Rice,8.14,123.0,479.7,11641.71,59001.53,47359.82
Maize,8.22,137.02,696.96,12251.92,95497.24,83245.32
Sugarcane,6.47,63.25,597.18,6135.84,37771.86,31636.02
Sugarcane,6.33,101.17,1068.06,8019.2,108060.28,100041.08
Soybean,3.97,59.55,522.53,1299.33,31117.87,29818.54
Wheat,10.73,77.37,1175.61,11471.42,90951.42,79480.0
Rice,9.05,85.18,513.73,9302.54,43757.33,34454.79
Rice,9.49,133.96,374.84,8568.0,50212.64,41644.64
Rice,12.55,156.84,321.76,10969.66,50463.73,39494.07
Cotton,2.89,50.3,749.53,4219.87,37702.56,33482.69
Soybean,9.32,157.99,1076.11,5902.43,170012.08,164109.65
Tomato,9.97,50.5,819.59,10771.7,41391.08,30619.38
Wheat,6.41,69.32,391.78,3552.07,27157.58,23605.5
Potato,14.93,36.62,895.04,22099.82,32780.09,10680.27
Wheat,3.39,9.26,982.7,2096.17,9097.33,7001.17
Tomato,10.69,27.02,709.42,15993.01,19170.71,3177.69
Rice,4.26,21.89,373.75,4626.84,8183.31,3556.47
Potato,6.97,25.47,1086.6,5848.94,27675.46,21826.52
Sugarcane,5.96,60.61,681.63,3052.74,41314.62,38261.88
Sugarcane,11.77,19.8,616.15,10329.74,12198.48,1868.74
Potato,12.06,133.98,880.97,6365.76,118036.7,111670.94
Sugarcane,4.01,6.82,441.2,5903.06,3009.78,-2893.28
Maize,1.9,4.2,571.41,1179.01,2398.07,1219.06
Wheat,7.36,113.6,298.08,6521.28,33861.74,27340.46
Cotton,13.11,72.31,851.71,16680.66,61584.39,44903.73
Sugarcane,6.52,59.23,985.02,8939.33,58344.02,49404.69
Rice,2.43,30.06,1142.83,3087.82,34349.41,31261.59
Soybean,4.57,70.19,238.43,6309.89,16735.15,10425.26
Sugarcane,12.55,121.44,586.35,10545.43,71205.42,60659.99
Rice,9.6,24.94,718.41,4607.58,17920.59,13313.01
Soybean,14.84,130.76,247.83,5127.66,32407.18,27279.52
Tomato,11.03,29.66,271.26,3468.8,8045.48,4576.68
Sugarcane,8.12,64.11,661.95,12098.2,42438.0,30339.8
Cotton,11.85,147.03,385.2,6028.37,56635.03,50606.66
Sugarcane,8.69,132.19,268.71,7035.31,35521.55,28486.24
Tomato,2.15,37.57,495.44,2630.09,18612.32,15982.23
Rice,14.66,183.46,210.43,8893.58,38605.87,29712.29
Cotton,11.84,143.61,730.3,4149.75,104880.31,100730.56
Maize,5.51,19.65,674.34,2406.93,13253.56,10846.64
Sugarcane,9.15,126.72,1011.77,9957.4,128211.04,118253.64
Wheat,1.61,5.37,798.53,667.51,4285.13,3617.62
Soybean,7.05,61.68,812.94,10092.1,50142.69,40050.59
Potato,14.0,177.11,696.05,4412.49,123274.89,118862.4
Sugarcane,5.0,74.86,1061.37,6582.63,79449.86,72867.23
Rice,8.62,103.35,421.06,12700.99,43518.23,30817.24
Potato,11.2,160.27,856.16,5744.06,137218.18,131474.12
Potato,11.54,68.62,739.56,13548.04,50748.98,37200.94
Maize,2.84,38.34,1017.79,1581.98,39017.89,37435.9
Wheat,3.11,22.23,613.42,3761.9,13636.61,9874.71
Rice,8.12,52.03,765.02,9145.17,39801.51,30656.34
Tomato,9.08,145.04,633.8,4476.81,91926.16,87449.35
Maize,1.13,6.3,926.46,1684.85,5834.77,4149.92
Soybean,3.72,59.51,857.56,2500.86,51032.32,48531.46
Sugarcane,11.26,131.37,388.02,8182.13,50974.39,42792.25
Sugarcane,8.54,86.69,1048.05,11172.23,90852.04,79679.81
Cotton,11.44,55.38,1158.07,8483.29,64135.91,55652.61
Wheat,11.59,178.36,670.32,10457.44,119560.71,109103.26
Maize,6.16,54.8,922.07,8393.76,50533.31,42139.55
Wheat,2.93,36.44,201.88,1505.91,7357.27,5851.36
Maize,9.67,71.26,994.2,3981.81,70843.52,66861.7
Tomato,13.24,131.3,923.4,5626.4,121238.74,115612.35
Maize,8.86,95.26,803.49,9851.08,76541.3,66690.23
Maize,9.43,17.71,522.11,10031.57,9248.26,-783.31
Wheat,1.82,12.77,984.9,2091.25,12572.37,10481.13
Tomato,12.55,126.58,573.46,5608.81,72591.11,66982.3
Rice,7.08,20.96,420.61,7202.73,8815.71,1612.99
Wheat,11.73,159.61,499.44,5962.04,79717.75,73755.7
Potato,9.91,143.28,318.34,7844.8,45611.2,37766.39
Potato,11.46,157.13,1150.31,6229.36,180747.21,174517.84
Cotton,6.07,42.62,226.2,1997.64,9639.84,7642.2
Potato,9.21,119.85,1129.62,11412.97,135379.75,123966.78
Wheat,4.63,39.77,1072.73,6066.99,42662.44,36595.45
Sugarcane,7.73,67.12,1137.35,8871.11,76343.0,67471.89
Maize,2.13,28.76,696.46,1754.29,20028.2,18273.91
Rice,1.1,2.69,425.22,502.65,1142.04,639.39
Rice,11.52,142.14,1156.61,4408.99,164406.75,159997.76
Cotton,1.62,3.41,475.72,1024.52,1621.75,597.23
Potato,4.49,26.9,959.4,3773.26,25811.87,22038.61
Sugarcane,4.75,19.4,1053.09,1691.46,20427.33,18735.88
Maize,13.69,51.99,732.42,10860.58,38077.76,27217.18
Tomato,2.21,11.95,932.45,2117.09,11141.87,9024.77
Soybean,8.84,149.94,252.26,7096.45,37824.77,30728.32
Soybean,9.74,94.1,1179.55,4617.28,110992.15,106374.87
Tomato,3.77,40.86,663.93,5533.29,27126.84,21593.55
Soybean,14.54,65.73,222.04,16928.18,14594.53,-2333.64
Tomato,4.51,70.12,761.22,4188.87,53375.79,49186.92
Sugarcane,4.18,34.16,742.55,5229.83,25367.47,20137.64
Rice,8.61,24.52,658.3,7590.47,16144.16,8553.68
Sugarcane,2.97,37.05,416.09,1240.15,15414.62,14174.48
Soybean,6.76,82.81,745.43,2534.93,61727.22,59192.29
Soybean,2.57,18.93,1178.06,3216.03,22299.17,19083.13
Rice,3.82,22.03,364.71,2659.07,8032.89,5373.82
Potato,11.56,20.76,326.25,12615.66,6772.53,-5843.12
Cotton,13.19,71.75,651.24,19544.6,46723.21,27178.61
Maize,8.81,93.55,294.15,6277.44,27517.77,21240.33
Cotton,8.54,82.97,305.47,9294.67,25346.52,16051.86
Rice,6.56,19.96,641.07,3509.62,12796.21,9286.59
Cotton,8.33,51.94,992.85,8269.26,51568.42,43299.16
Sugarcane,5.37,65.03,395.84,7394.97,25743.17,18348.19
Maize,3.21,41.69,993.26,2184.1,41410.11,39226.01
Wheat,6.08,99.18,368.85,5526.54,36583.45,31056.91
Cotton,3.83,17.38,1093.99,4154.2,19012.45,14858.26
Wheat,5.38,79.02,1167.76,7151.65,92280.47,85128.82
Rice,12.25,120.49,1167.13,9816.45,140632.15,130815.7
Tomato,2.71,36.55,523.01,4061.6,19114.25,15052.65
Maize,6.98,29.17,212.61,6787.23,6202.76,-584.47
Rice,1.41,21.28,409.75,1065.14,8718.6,7653.45
Wheat,3.62,56.75,1019.06,3438.78,57829.72,54390.94
Wheat,11.63,207.12,1101.3,12588.17,228104.61,215516.43
Rice,6.01,58.02,1028.25,4219.94,59654.52,55434.58
Maize,4.42,14.87,287.18,5140.87,4270.22,-870.65
Wheat,2.99,21.63,650.35,3580.92,14069.28,10488.36
Rice,7.1,78.24,938.07,8995.08,73396.94,64401.86
Potato,14.71,175.95,326.26,16346.07,57406.45,41060.38
Maize,5.41,8.45,881.67,2707.46,7453.61,4746.16
Cotton,4.18,64.01,479.28,4479.25,30677.79,26198.54
Cotton,13.13,66.39,560.38,5018.15,37200.96,32182.81
Rice,5.26,64.52,1138.3,7070.65,73443.06,66372.41
Tomato,12.3,30.45,1098.85,13299.18,33461.97,20162.79
Potato,10.39,111.67,310.99,8691.1,34727.21,26036.12
Potato,4.17,32.54,328.85,3319.82,10702.3,7382.48
Tomato,2.55,21.6,242.02,3029.21,5228.82,2199.6
Maize,14.53,52.34,907.69,21316.52,47510.32,26193.8
Wheat,11.56,170.8,218.01,16817.51,37235.72,20418.21
Tomato,8.83,104.76,732.68,9376.9,76754.68,67377.77
Cotton,2.58,33.78,740.7,1071.26,25017.18,23945.92
Potato,1.65,17.87,483.83,2122.07,8645.95,6523.87
Sugarcane,5.16,33.28,943.19,1846.58,31392.95,29546.37
Cotton,13.28,212.17,530.41,9409.67,112535.18,103125.52
Soybean,3.59,10.08,439.51,4505.84,4428.37,-77.47
Potato,7.01,41.48,989.16,6924.59,41029.25,34104.66
Sugarcane,1.89,28.78,798.98,828.09,22991.55,22163.46
Sugarcane,8.35,17.03,1068.55,3154.43,18197.01,15042.58
Soybean,9.0,90.39,630.43,6126.3,56983.76,50857.47
Cotton,7.5,28.28,540.82,3734.45,15292.29,11557.84
Potato,9.5,113.2,791.7,10859.17,89618.99,78759.81
Cotton,10.47,38.46,434.18,13025.69,16696.82,3671.12
Wheat,10.13,174.09,800.65,12079.49,139386.22,127306.74
Rice,4.77,39.15,1091.48,1446.33,42729.42,41283.08
Sugarcane,7.61,17.16,340.02,4813.97,5834.11,1020.14
Rice,7.31,67.98,822.52,6310.58,55914.89,49604.31
Soybean,4.93,24.23,716.57,1511.44,17363.04,15851.6
Potato,1.69,25.82,1043.92,1086.69,26951.13,25864.44
Tomato,12.24,133.85,712.67,7980.29,95390.13,87409.84
Potato,4.89,73.22,484.56,6267.61,35480.45,29212.84
Sugarcane,5.83,57.59,1074.22,5204.64,61860.54,56655.9
Wheat,1.63,14.55,1129.43,811.12,16428.06,15616.95
Soybean,6.91,57.19,1107.61,7988.66,63345.47,55356.81
Cotton,10.44,66.8,918.43,15090.64,61353.96,46263.32
Sugarcane,1.02,12.26,251.14,622.48,3079.82,2457.34
Tomato,1.57,24.9,456.69,1722.02,11371.3,9649.28
Rice,7.39,56.07,321.03,5930.07,17998.29,12068.22
Cotton,13.6,111.15,521.08,16322.96,57917.2,41594.23
Maize,10.36,131.55,561.92,10488.41,73921.73,63433.32
Maize,8.03,30.45,315.74,3896.12,9612.73,5716.62
Wheat,11.14,38.85,1102.45,4228.56,42835.35,38606.79
Soybean,14.88,223.61,894.88,13970.02,200108.86,186138.84
Wheat,7.8,86.03,243.74,3493.1,20968.82,17475.72
Rice,4.02,37.02,1016.72,1532.86,37642.66,36109.8
Sugarcane,10.69,91.91,872.97,6742.68,80234.8,73492.12
Sugarcane,13.06,146.84,426.28,9943.15,62594.84,52651.69
Wheat,13.01,216.22,630.99,8878.33,136429.03,127550.7
Soybean,1.17,8.92,227.42,904.54,2027.82,1123.28
Soybean,6.24,26.56,630.53,2941.51,16744.23,13802.73
Soybean,11.67,199.73,539.77,10741.38,107807.78,97066.41
Maize,9.92,70.61,271.71,7849.56,19184.52,11334.96
Rice,2.42,37.42,731.09,3167.27,27357.02,24189.75
Soybean,14.83,133.36,888.27,6951.45,118459.75,111508.3
Sugarcane,4.2,74.02,731.91,1943.83,54173.64,52229.81
Maize,1.55,3.11,587.99,760.65,1827.78,1067.13
Maize,5.38,21.14,687.85,2455.82,14543.84,12088.02
Maize,2.63,45.36,513.97,3587.26,23312.02,19724.76
Cotton,14.93,156.73,288.2,15349.77,45168.71,29818.94
Potato,6.45,50.72,540.39,6128.1,27410.97,21282.87
Sugarcane,7.69,79.07,368.34,4585.64,29125.72,24540.08
Tomato,7.17,46.5,459.33,3823.5,21358.04,17534.53
Rice,8.1,102.74,435.04,10509.8,44694.28,34184.48
Cotton,5.86,64.94,339.2,4882.08,22026.15,17144.07
Tomato,12.43,61.19,982.39,14691.4,60108.08,45416.68
Maize,9.73,105.98,820.66,5268.27,86973.97,81705.7
Sugarcane,3.07,47.82,910.88,4264.65,43557.59,39292.94
Tomato,14.5,239.28,922.14,13627.55,220648.27,207020.73
Cotton,1.53,21.15,749.32,565.66,15846.89,15281.23
Soybean,4.86,77.64,1144.04,2326.14,88818.63,86492.5
Wheat,8.18,24.91,954.62,7283.36,23784.29,16500.93
Tomato,6.25,38.88,403.22,7594.09,15675.35,8081.26
Tomato,9.48,157.94,562.27,11100.42,88803.53,77703.1
Sugarcane,14.73,121.16,1027.52,17933.22,124493.36,106560.14
Cotton,12.29,115.08,1196.12,4564.92,137649.54,133084.61
Sugarcane,7.15,110.62,1093.09,2680.17,120914.04,118233.87
Potato,4.58,9.21,1171.53,2589.85,10785.34,8195.48
Tomato,1.27,11.88,887.72,1479.63,10541.71,9062.07
Potato,8.38,100.05,844.47,10759.38,84485.7,73726.32
Rice,4.9,24.4,1157.45,1522.94,28240.14,26717.21
Wheat,3.81,68.23,289.81,1153.33,19773.22,18619.9
Wheat,11.33,172.94,940.48,5341.27,162642.94,157301.66
Soybean,14.12,212.66,1009.18,19220.7,214614.45,195393.75
Wheat,9.59,28.41,687.63,3770.77,19533.25,15762.48
Soybean,10.62,20.23,506.14,10187.65,10239.1,51.45
Potato,12.32,211.05,272.32,17809.62,57471.13,39661.51
Wheat,13.17,167.84,312.93,17252.88,52522.9,35270.02
Cotton,10.9,25.38,272.9,8538.96,6926.61,-1612.36
Tomato,3.96,62.28,601.31,2575.15,37452.3,34877.15
Soybean,6.67,109.75,521.5,5815.65,57234.52,51418.86
Rice,8.69,44.45,233.67,4842.76,10387.47,5544.71
Wheat,10.07,35.53,1088.66,9099.76,38676.71,29576.94
Potato,7.36,110.72,754.66,7829.74,83558.14,75728.4
Maize,4.39,58.26,1022.53,5548.51,59573.79,54025.28
Potato,8.89,30.92,1116.79,10350.34,34527.45,24177.11
Cotton,7.95,49.24,333.83,8394.92,16436.97,8042.04
Wheat,4.8,39.09,302.75,2529.74,11833.6,9303.86
Sugarcane,1.66,10.03,906.98,621.35,9096.62,8475.27
Maize,7.54,53.64,1140.45,3009.43,61171.5,58162.06
Cotton,2.43,18.06,470.39,3181.75,8496.47,5314.72
Cotton,9.01,148.31,1142.98,7266.05,169512.41,162246.36
Potato,6.28,109.36,289.29,7064.14,31636.85,24572.71
Maize,8.9,150.03,1044.25,9893.39,156665.07,146771.68
Tomato,3.34,44.27,866.39,4870.04,38355.51,33485.47
Cotton,2.81,35.62,1143.98,1752.71,40747.0,38994.3
Cotton,11.95,144.88,248.19,8744.85,35957.43,27212.57
Soybean,6.39,100.9,675.97,2768.7,68204.67,65435.96
Soybean,6.16,46.84,252.36,7524.18,11820.88,4296.7
Maize,8.73,72.98,919.65,6506.52,67116.29,60609.77
Potato,7.61,121.96,415.74,8474.96,50705.0,42230.04
Sugarcane,1.5,12.04,1130.81,677.72,13620.4,12942.68
Wheat,5.42,65.78,595.13,6263.29,39149.26,32885.97
Potato,9.11,26.49,243.01,10021.48,6436.91,-3584.57
Rice,2.56,25.64,467.59,3336.12,11989.89,8653.76
Potato,4.39,72.52,1038.27,5049.94,75294.46,70244.53
Potato,6.79,65.41,604.29,6364.01,39528.22,33164.2
Potato,4.73,63.71,1077.65,1656.65,68660.02,67003.36
Maize,10.49,69.68,973.99,12871.12,67872.26,55001.13
Soybean,2.84,44.44,775.36,1112.81,34460.46,33347.65
Tomato,12.3,42.85,465.58,3949.13,19948.68,15999.55
Sugarcane,5.79,79.22,423.26,6191.56,33532.15,27340.58
Cotton,1.02,6.57,846.46,1496.87,5560.28,4063.41
Tomato,10.46,110.07,1029.76,10744.42,113346.66,102602.24
Soybean,7.41,59.79,502.92,2807.89,30070.73,27262.83
Rice,14.12,161.77,673.4,5249.06,108937.88,103688.82
Cotton,1.81,31.32,1142.72,2248.21,35785.92,33537.71
Soybean,10.11,122.73,761.29,12462.88,93436.43,80973.54
Rice,4.16,19.66,340.8,4350.21,6700.16,2349.95
Maize,5.41,32.79,1181.65,5047.93,38741.44,33693.52
Cotton,6.43,81.22,459.9,4595.59,37354.12,32758.53
Cotton,5.72,77.04,738.81,2133.19,56918.82,54785.64
Potato,1.87,7.35,207.84,1977.68,1528.33,-449.35
Wheat,1.62,13.57,501.92,1970.28,6812.34,4842.06
Soybean,8.01,101.82,276.24,5042.48,28125.94,23083.46
Potato,11.65,122.62,380.31,9907.87,46631.73,36723.87
Wheat,3.32,29.39,409.19,1195.3,12026.44,10831.14
Rice,2.92,52.28,727.23,2247.52,38021.27,35773.75
Cotton,14.45,68.62,1151.43,21583.34,79012.5,57429.16
Soybean,14.34,145.17,419.12,12201.78,60843.79,48642.01
Maize,9.31,25.19,822.34,13754.5,20715.67,6961.17
Cotton,12.61,171.26,555.04,14351.53,95058.68,80707.15
Wheat,8.3,146.3,957.31,4100.46,140054.47,135954.01
Soybean,11.82,78.21,432.04,10048.36,33790.17,23741.81
Rice,3.28,35.48,971.63,2945.67,34471.93,31526.26
Rice,12.7,183.36,576.99,12218.2,105798.05,93579.84
Tomato,9.88,51.03,521.67,13019.83,26620.01,13600.18
Soybean,12.32,70.05,445.81,9647.22,31230.23,21583.01
Cotton,10.27,35.5,488.88,7987.11,17355.39,9368.28
Wheat,14.37,138.82,712.72,12612.96,98942.86,86329.91
Wheat,6.49,90.57,1118.43,9359.19,101292.56,91933.36
Wheat,4.86,57.14,1192.44,3709.26,68140.87,64431.61
Sugarcane,6.02,74.25,440.4,3190.12,32701.55,29511.43
Sugarcane,14.64,28.61,1039.82,17600.59,29749.04,12148.45
Sugarcane,1.5,6.61,1066.77,961.19,7046.51,6085.32
Sugarcane,7.04,94.09,763.32,5722.99,71820.18,66097.19
Cotton,11.62,71.61,553.05,15957.19,39604.29,23647.1
Tomato,12.84,104.22,963.11,16537.7,100374.08,83836.38
Cotton,7.97,38.85,791.13,4168.88,30735.25,26566.37
Wheat,9.31,19.01,836.04,6865.95,15894.55,9028.6
Maize,14.17,139.79,609.41,18040.43,85186.81,67146.38
Soybean,1.67,22.49,973.91,1205.43,21902.95,20697.52
Cotton,3.12,49.81,739.09,1995.07,36812.56,34817.49
Tomato,14.03,111.78,746.7,13170.0,83468.62,70298.62
Sugarcane,6.83,69.15,254.63,10027.17,17607.65,7580.48
Tomato,3.85,6.42,637.48,5233.37,4090.19,-1143.17
Potato,11.21,195.66,424.29,12283.22,83018.12,70734.9
Tomato,6.82,95.69,809.63,9383.62,77476.11,68092.49
Sugarcane,10.98,164.4,381.61,8179.06,62736.0,54556.94
Wheat,14.99,122.87,420.49,18216.93,51665.87,33448.94
Potato,9.27,115.0,278.46,8836.96,32021.63,23184.66
Maize,1.29,7.66,717.6,802.8,5495.0,4692.2
Soybean,1.59,9.37,801.55,1045.4,7509.62,6464.22
Rice,2.82,30.28,980.73,3242.59,29698.77,26456.18
Wheat,6.17,104.23,1027.51,7013.06,107097.24,100084.18
Soybean,2.38,35.05,322.03,1069.24,11288.66,10219.43
Sugarcane,13.06,78.67,1007.07,6979.77,79228.08,72248.31
Sugarcane,3.99,49.74,357.33,1765.07,17774.77,16009.7
Rice,11.18,120.44,1147.09,10010.73,138158.56,128147.83
Wheat,7.76,76.47,587.24,10763.07,44903.17,34140.1
Rice,1.35,20.76,211.42,1548.09,4388.03,2839.93
Potato,12.81,39.81,758.98,11542.02,30217.56,18675.54
Potato,8.65,151.0,251.67,7834.8,38000.85,30166.05
Wheat,7.75,26.78,1161.51,8970.99,31108.91,22137.92
Wheat,6.55,24.07,1065.3,3202.02,25637.98,22435.95
Cotton,9.75,65.55,1016.41,8793.1,66628.45,57835.35
Soybean,4.51,53.22,771.75,5855.8,41075.61,35219.82
Wheat,9.79,54.68,362.82,5133.87,19837.71,14703.84
Cotton,5.03,32.99,552.96,5255.84,18239.51,12983.67
Rice,7.03,112.35,805.5,4192.35,90496.73,86304.38
Rice,5.0,43.21,885.44,3495.17,38258.79,34763.62
Maize,3.88,30.21,1182.05,4812.88,35704.65,30891.78
Tomato,9.85,47.13,618.33,11833.45,29139.31,17305.86
Soybean,14.87,102.07,1141.27,20776.56,116494.0,95717.43
Soybean,1.95,19.56,379.36,2849.11,7421.99,4572.88
Sugarcane,14.71,156.84,389.82,14685.11,61139.83,46454.72
Rice,5.85,47.17,464.28,3197.17,21897.74,18700.57
Rice,11.36,135.29,749.61,12813.61,101410.78,88597.17
Maize,9.45,26.18,275.58,13625.47,7214.94,-6410.53
Wheat,7.03,91.19,658.02,2883.96,60006.58,57122.61
Maize,4.74,8.3,1165.02,2851.26,9667.48,6816.22
Maize,7.31,92.02,783.56,6804.57,72103.02,65298.45
Wheat,9.37,147.92,1146.73,4000.68,169620.23,165619.55
Maize,9.57,48.01,1139.06,2948.23,54686.46,51738.22
Soybean,9.23,120.58,880.11,7286.69,106119.86,98833.17
Rice,6.4,108.45,741.99,9134.51,80465.78,71331.27
Maize,6.59,101.15,388.54,7290.94,39299.71,32008.78
Soybean,10.31,100.19,942.82,7139.14,94460.12,87320.98
Cotton,11.48,190.41,634.02,7006.41,120724.16,113717.75
Sugarcane,8.18,71.42,1196.26,4702.5,85440.44,80737.94
Wheat,9.93,54.54,914.05,4067.05,49848.89,45781.84
Rice,12.46,28.97,1111.52,4178.2,32197.16,28018.96
Rice,4.0,23.88,447.56,1500.76,10689.21,9188.45
Sugarcane,6.95,35.1,797.1,7042.42,27980.81,20938.4
Potato,14.32,219.61,1005.09,18439.27,220730.09,202290.81
Wheat,4.97,71.92,597.45,4550.76,42968.45,38417.7
Tomato,11.33,114.49,268.46,8445.28,30734.71,22289.43
Rice,3.89,57.12,533.61,5201.77,30480.42,25278.66
Rice,13.53,169.14,987.39,11439.85,167006.73,155566.89
Sugarcane,13.23,159.13,1033.64,11899.89,164486.46,152586.57
Maize,10.09,171.02,264.01,13013.65,45150.46,32136.81
Potato,11.99,136.47,401.1,12090.65,54739.21,42648.56
Tomato,1.79,17.16,1127.11,761.88,19336.22,18574.34
Tomato,10.98,18.55,608.78,15471.01,11295.57,-4175.43
Sugarcane,3.25,8.65,385.65,3561.59,3334.2,-227.39
Tomato,11.09,167.84,646.2,14048.54,108457.38,94408.84
Rice,5.34,30.02,715.01,5031.28,21463.4,16432.12
Sugarcane,11.4,31.5,1072.64,14742.73,33790.78,19048.05
Potato,13.79,237.54,526.74,10004.23,125120.36,115116.13
Maize,4.8,25.56,518.61,6645.86,13256.94,6611.08
Potato,8.75,85.74,393.86,11638.85,33768.75,22129.9
Maize,13.38,96.2,661.84,10670.48,63667.05,52996.57
Tomato,9.55,39.58,873.65,4918.03,34583.13,29665.09
Potato,6.39,61.16,629.61,7592.85,38504.39,30911.54
Sugarcane,11.06,150.28,714.93,5460.77,107438.65,101977.88
Rice,5.83,48.62,932.41,7921.48,45330.13,37408.65
Maize,5.96,19.3,422.36,5501.31,8151.16,2649.85
Cotton,5.35,22.78,443.73,3325.5,10107.27,6781.77
Potato,4.07,70.63,816.3,3944.43,57655.05,53710.62
Tomato,11.55,183.47,878.98,9176.71,161266.51,152089.8
Maize,3.4,33.19,611.96,4576.74,20312.45,15735.71
Maize,1.31,22.39,896.63,1172.23,20078.45,18906.23
Sugarcane,5.72,22.06,892.07,3132.2,19683.48,16551.28
Sugarcane,11.71,148.7,972.99,16878.65,144685.88,127807.23
Rice,1.25,18.28,269.05,1089.63,4918.19,3828.56
Tomato,13.4,69.16,914.64,18193.74,63252.35,45058.6
Potato,11.13,115.05,1036.12,14307.16,119202.4,104895.24
Soybean,3.85,13.86,485.51,3609.12,6729.35,3120.24
Sugarcane,3.57,55.69,1082.56,3067.12,60286.69,57219.57
Sugarcane,6.74,82.1,215.51,4291.45,17694.2,13402.75
Maize,1.94,30.96,589.4,1840.97,18245.7,16404.73
Cotton,12.87,135.17,1181.71,10819.02,159735.1,148916.07
Sugarcane,12.25,106.02,1197.18,11896.48,126925.3,115028.83
Sugarcane,7.25,19.25,929.23,7467.56,17885.56,10418.0
Tomato,6.17,56.55,922.74,6717.82,52184.32,45466.5
Wheat,14.01,108.68,1031.37,18364.23,112088.21,93723.99
Rice,1.07,15.87,972.81,1029.37,15441.59,14412.22
Rice,9.13,77.92,748.03,8451.77,58283.98,49832.2
Potato,12.24,123.0,340.32,13532.2,41859.0,28326.79
Soybean,10.99,86.56,862.48,7869.38,74652.95,66783.57
Potato,11.5,189.58,958.72,11690.43,181754.43,170064.0
Soybean,11.84,184.32,741.65,14325.75,136703.75,122378.0
Cotton,7.63,101.7,470.94,4143.5,47895.37,43751.87
Wheat,3.6,40.97,1061.51,4826.11,43492.26,38666.16
Maize,8.1,37.26,276.97,9195.32,10320.02,1124.7
Cotton,7.21,64.48,1158.5,5896.06,74697.17,68801.11
Potato,10.69,62.63,1139.07,11373.63,71339.05,59965.42
Rice,8.4,127.1,663.11,5328.21,84284.93,78956.72
Wheat,9.33,54.76,861.97,11928.49,47200.68,35272.19
Cotton,7.46,132.25,986.71,9165.45,130490.71,121325.26
Cotton,6.16,53.16,231.15,3764.87,12287.09,8522.22
Potato,6.81,110.1,1024.33,7195.25,112780.22,105584.97
Potato,10.34,70.59,1097.92,14116.12,77505.9,63389.77
Soybean,11.31,98.38,866.77,4672.06,85275.72,80603.67
Soybean,4.49,49.42,267.26,1856.81,13207.06,11350.25
Cotton,13.64,230.63,1001.35,15131.94,230936.38,215804.44
Wheat,14.97,82.09,240.35,11875.1,19729.98,7854.88
Rice,14.46,234.38,1049.18,11380.15,245908.88,234528.73
Potato,5.38,66.14,432.02,1706.5,28574.68,26868.19
Potato,13.83,181.92,508.96,6351.49,92588.77,86237.28
Soybean,9.67,104.43,824.61,12936.39,86117.66,73181.27
Maize,6.47,17.1,838.32,7630.05,14336.72,6706.67
Maize,10.9,86.38,428.88,11080.44,37046.81,25966.38
Soybean,6.31,48.13,818.53,6684.28,39391.92,32707.64
Sugarcane,14.94,264.24,849.51,18902.06,224478.3,205576.24
Cotton,14.16,138.99,1149.2,18398.24,159722.88,141324.64
Wheat,10.49,80.28,1141.69,5251.41,91657.36,86405.95
Sugarcane,1.76,21.37,1174.25,675.98,25090.21,24414.23
Potato,3.19,38.22,799.3,1641.97,30549.68,28907.71
Cotton,1.59,17.63,652.91,2291.22,11507.56,9216.34
Maize,1.27,18.2,809.7,1445.0,14738.75,13293.75
Cotton,7.37,94.42,1110.21,7860.7,104822.69,96961.99
Maize,6.63,26.74,772.61,4190.65,20662.29,16471.64
Cotton,2.1,28.81,294.91,2126.9,8495.71,6368.81
Cotton,1.44,12.26,284.57,1485.17,3487.6,2002.43
Cotton,4.45,57.36,796.78,4011.61,45705.03,41693.41
Wheat,13.41,63.61,937.43,8630.65,59625.26,50994.61
Tomato,2.75,13.24,416.23,3109.49,5510.82,2401.33
Tomato,14.63,134.17,1047.39,5483.4,140529.85,135046.45
Cotton,5.87,50.93,595.96,6470.2,30353.81,23883.61
Maize,14.13,41.04,585.6,5444.05,24033.42,18589.37
Cotton,3.35,31.31,255.22,4798.61,7991.53,3192.93
Soybean,3.34,13.15,1173.08,4051.15,15420.7,11369.55
Soybean,2.6,4.28,355.57,1427.81,1520.73,92.91
Soybean,5.19,27.7,329.68,3155.08,9133.08,5978.0
Rice,5.95,38.63,1175.37,3000.51,45407.33,42406.82
Cotton,3.06,21.87,1064.66,1485.38,23281.99,21796.61
Tomato,2.38,36.14,906.68,2476.94,32766.9,30289.96
Potato,2.92,32.36,705.51,1380.89,22829.53,21448.64
Wheat,1.04,4.57,1075.41,866.6,4911.8,4045.21
Tomato,5.29,79.72,256.98,4244.71,20487.35,16242.64
Rice,3.67,26.52,747.24,5469.01,19818.64,14349.63
Rice,13.07,87.3,738.02,17098.36,64428.97,47330.61
Rice,11.71,199.31,215.82,10860.91,43014.92,32154.01
Sugarcane,11.38,109.59,683.18,14864.77,74868.69,60003.92
Tomato,2.64,38.77,323.23,3002.86,12531.32,9528.46
Wheat,11.67,41.78,396.42,16831.17,16563.41,-267.76
Sugarcane,8.14,111.12,712.9,10939.1,79219.06,68279.96
Potato,4.22,44.79,572.17,4614.03,25625.42,21011.39
Potato,2.84,44.36,365.3,3767.5,16205.01,12437.52
Wheat,3.56,53.84,485.71,5028.29,26149.6,21121.31
Soybean,8.82,67.27,985.64,5323.26,66301.32,60978.05
Maize,6.14,18.04,756.78,8073.41,13649.3,5575.89
Tomato,5.73,102.0,225.24,3454.44,22974.87,19520.44
Sugarcane,13.24,74.39,463.25,3981.48,34459.05,30477.57
Tomato,9.4,22.41,576.53,5439.87,12919.75,7479.88
Cotton,7.42,54.1,293.78,6551.44,15894.63,9343.18
Maize,14.28,243.99,809.94,20125.27,197614.2,177488.94
Tomato,13.72,126.52,666.3,16635.79,84302.73,67666.94
Soybean,9.61,135.04,712.92,11006.55,96274.12,85267.57
Sugarcane,11.77,94.94,1027.55,5943.24,97556.85,91613.61
Sugarcane,11.68,26.28,846.6,6682.29,22249.29,15567.0
Tomato,13.75,136.28,701.28,4953.46,95571.99,90618.53
Cotton,4.9,76.29,1128.38,7326.71,86086.23,78759.51
Cotton,1.35,12.02,437.48,485.23,5260.16,4774.92
Rice,11.83,196.3,389.14,16639.18,76387.04,59747.86
Cotton,6.32,93.0,592.09,7585.66,55066.8,47481.14
Wheat,10.12,50.38,756.46,13438.88,38112.05,24673.17
Soybean,14.01,110.53,266.17,4524.4,29420.52,24896.12
Soybean,7.04,20.72,482.8,5644.63,10002.01,4357.38
Soybean,1.42,24.68,867.87,2018.25,21421.6,19403.35
Cotton,9.36,114.97,392.31,6130.16,45105.54,38975.38
Potato,14.26,229.59,939.07,9026.14,215602.03,206575.89
Wheat,5.76,51.91,878.11,5478.3,45585.56,40107.25
Cotton,9.72,173.33,511.88,6879.77,88724.99,81845.22
Soybean,5.38,83.55,288.99,8022.77,24144.99,16122.21
Rice,14.1,64.35,572.51,19937.88,36838.73,16900.85
Cotton,3.31,18.06,910.13,2076.15,16439.92,14363.77
Tomato,14.55,129.1,701.52,8673.49,90564.02,81890.53
Potato,1.84,30.25,847.52,1155.72,25638.12,24482.4
Wheat,13.66,204.74,957.05,5009.87,195947.08,190937.21
Tomato,7.47,117.87,449.46,8673.3,52978.0,44304.69
Tomato,13.38,217.85,1109.18,9056.48,241636.09,232579.61
Tomato,2.5,21.89,929.71,3568.95,20353.15,16784.2
Sugarcane,7.02,106.77,319.89,8296.31,34154.71,25858.4
Rice,2.64,33.64,1149.9,1224.87,38677.37,37452.49
Tomato,7.07,29.8,316.58,6762.81,9434.11,2671.3
Rice,1.63,8.32,215.18,1629.73,1791.01,161.28
Sugarcane,12.49,135.54,857.03,17217.16,116165.65,98948.49
Maize,8.85,150.89,282.73,5350.68,42663.07,37312.39
Soybean,2.46,27.13,663.98,1089.47,18014.27,16924.8
Sugarcane,9.19,48.1,1095.7,11398.8,52705.26,41306.46
Soybean,1.45,17.99,732.29,616.47,13171.64,12555.17
Maize,12.05,166.87,761.26,7177.41,127029.3,119851.89
Cotton,14.77,85.44,1169.72,12074.14,99938.54,87864.4
Tomato,3.02,10.3,227.25,2803.78,2339.88,-463.9
Potato,4.17,48.51,452.86,4142.76,21970.13,17827.37
Potato,13.57,187.18,276.44,18657.39,51744.7,33087.31
Soybean,6.08,89.89,528.18,3347.0,47476.84,44129.83
Rice,12.68,94.02,1112.89,12415.69,104636.88,92221.18
Potato,6.33,93.99,1023.62,4823.46,96206.78,91383.32
Rice,4.86,23.67,216.76,5419.76,5130.94,-288.82
Maize,10.57,108.61,232.66,9207.06,25268.23,16061.17
Cotton,4.5,55.28,819.24,3141.16,45289.32,42148.15
Rice,11.01,28.94,617.67,4838.81,17875.88,13037.07
Wheat,11.83,26.34,893.34,12751.37,23531.77,10780.41
Cotton,8.71,71.01,1033.64,11127.03,73395.13,62268.09
Sugarcane,7.13,116.56,1162.26,5942.58,135475.03,129532.45
Cotton,6.78,85.83,858.16,2606.1,73656.0,71049.91
Tomato,5.03,53.74,229.16,6988.04,12314.71,5326.67
Cotton,6.87,29.37,1079.33,6651.85,31695.15,25043.3
Potato,5.45,95.24,462.34,3680.81,44035.07,40354.26
Maize,13.41,226.79,1116.42,14244.42,253187.83,238943.41
Rice,5.0,15.04,514.83,1758.24,7741.82,5983.58
Sugarcane,7.0,94.97,1024.47,3329.31,97290.24,93960.94
Sugarcane,1.11,18.99,437.14,477.56,8300.28,7822.72
Sugarcane,13.81,77.95,1044.21,12164.94,81398.94,69234.01
Soybean,4.84,79.28,415.2,6590.22,32918.69,26328.48
Tomato,4.81,7.72,1178.35,7014.35,9094.58,2080.23
Cotton,4.27,21.29,1057.19,5490.72,22503.04,17012.32
Wheat,14.25,115.51,983.3,8825.22,113582.8,104757.58
Wheat,11.92,214.14,391.13,10153.1,83757.04,73603.94
Maize,2.69,45.61,381.18,2812.46,17387.28,14574.82
Tomato,6.88,66.71,1116.94,8470.45,74507.89,66037.45
Maize,3.39,28.5,957.28,4674.2,27282.61,22608.41
Rice,10.67,75.93,1004.96,3870.25,76305.76,72435.51
Wheat,9.43,39.53,433.81,3098.69,17147.73,14049.04
Sugarcane,14.28,93.16,464.52,9077.39,43274.84,34197.45
Maize,13.97,117.69,250.62,4851.54,29494.6,24643.06
Rice,1.14,17.78,931.16,1630.87,16555.52,14924.65
Rice,12.02,78.83,240.26,12095.62,18938.54,6842.92
Sugarcane,8.93,14.31,261.89,8413.19,3748.16,-4665.02
Tomato,4.8,78.83,574.72,4608.1,45305.71,40697.61
Soybean,2.3,19.07,363.34,1304.8,6927.95,5623.14
Rice,4.17,62.42,1130.4,1726.16,70555.36,68829.21
Cotton,1.71,20.21,487.33,1085.66,9851.2,8765.55
Potato,11.53,27.06,692.54,9579.78,18742.84,9163.06
Wheat,7.78,100.75,752.76,4353.74,75843.02,71489.28
Sugarcane,12.28,172.39,353.9,5881.45,61008.23,55126.78
Potato,5.85,48.14,325.57,2958.41,15674.28,12715.86
Potato,1.49,11.83,897.16,790.42,10616.69,9826.27
Potato,14.66,105.43,537.31,9888.16,56648.68,46760.52
Rice,4.22,34.97,440.53,4670.85,15404.67,10733.82
Rice,2.98,31.25,305.59,1054.38,9549.45,8495.07
Tomato,11.33,84.39,871.27,7079.5,73529.76,66450.26
Maize,1.42,12.55,704.62,625.98,8841.51,8215.54
Maize,12.11,149.97,777.81,16223.81,116648.0,100424.19
Wheat,14.79,209.64,634.36,12362.49,132987.44,120624.95
Maize,5.62,60.79,1050.57,3047.27,63868.94,60821.67
Sugarcane,7.01,42.81,329.17,2942.37,14091.03,11148.66
Tomato,1.23,18.41,240.14,1678.14,4420.02,2741.88
Cotton,3.73,45.73,980.92,4661.75,44857.06,40195.31
Maize,13.12,41.94,325.96,19348.63,13669.44,-5679.18
Wheat,14.49,54.04,351.78,19819.78,19011.27,-808.51
Potato,9.44,120.52,775.36,7695.76,93449.08,85753.32
Potato,3.01,5.42,664.07,4305.81,3601.7,-704.11
Rice,9.75,134.88,418.71,3628.06,56474.09,52846.03
Soybean,3.97,13.96,901.38,1732.6,12580.15,10847.55
Soybean,5.78,54.29,1128.86,4035.48,61288.94,57253.46
Cotton,1.39,16.37,1006.76,1821.24,16475.77,14654.53
Tomato,9.84,83.98,748.15,5013.85,62831.98,57818.13
Wheat,9.87,145.96,597.88,12504.18,87264.7,74760.51
Sugarcane,9.08,98.07,700.28,3478.71,68674.11,65195.4
Potato,12.76,45.97,1000.21,17039.04,45981.26,28942.22
Potato,3.01,39.96,493.35,2797.22,19713.19,16915.97
Soybean,14.92,171.46,507.89,19473.52,87081.29,67607.77
Cotton,14.24,90.89,201.11,8921.0,18278.2,9357.19
Wheat,13.94,95.85,327.77,11581.92,31418.11,19836.19
Potato,11.2,76.61,865.06,10843.21,66270.38,55427.17
Tomato,2.77,41.3,1124.25,2360.39,46431.85,44071.47
Cotton,10.1,32.38,602.03,11861.26,19492.3,7631.05
Wheat,5.18,83.99,213.63,3562.1,17942.87,14380.77
Cotton,4.56,7.82,740.3,6029.12,5785.51,-243.6
Wheat,12.53,204.62,753.11,15972.74,154103.96,138131.22
Tomato,6.32,72.79,588.73,3718.26,42852.62,39134.37
Tomato,7.72,29.16,281.04,10003.41,8195.91,-1807.51
Potato,7.22,74.17,1073.62,10787.8,79625.65,68837.85
Potato,7.49,50.81,676.46,5110.24,34370.07,29259.83
Maize,10.42,132.86,515.24,4789.4,68453.03,63663.62
Wheat,11.34,141.73,319.56,11193.62,45291.28,34097.66
Cotton,11.55,183.65,699.96,13584.62,128546.12,114961.5
Sugarcane,11.92,150.45,967.5,7978.16,145555.46,137577.29
Tomato,9.64,149.65,396.25,4344.13,59296.79,54952.66
Maize,8.33,51.29,498.08,5276.27,25546.24,20269.97
Rice,2.2,5.38,305.48,2210.41,1643.79,-566.63
Tomato,1.93,4.44,495.67,2744.04,2198.28,-545.76
Maize,7.97,102.65,452.31,5337.08,46430.69,41093.62
Maize,3.15,55.59,744.77,1460.16,41403.45,39943.29
Tomato,6.11,73.75,666.18,3224.3,49133.51,45909.21
Maize,11.79,83.28,1141.58,11027.89,95065.71,84037.82
Sugarcane,5.42,13.22,966.53,6193.45,12776.44,6582.99
Rice,14.53,172.4,1130.64,16149.42,194926.46,178777.05
Maize,6.77,114.6,450.88,3010.37,51671.39,48661.02
Cotton,9.12,65.66,1015.77,7840.64,66698.0,58857.36
Rice,8.08,33.72,858.1,12102.73,28935.44,16832.7
Soybean,2.6,44.24,1072.66,2188.79,47450.21,45261.42
Rice,6.81,53.71,859.69,5653.27,46175.54,40522.27
Cotton,6.56,59.11,614.96,7715.23,36347.9,28632.67
Rice,14.36,57.44,677.42,14682.34,38908.12,24225.77
Sugarcane,2.56,40.46,497.36,1265.79,20124.63,18858.83
Cotton,3.28,44.63,408.83,1213.5,18244.67,17031.18
Rice,1.59,11.91,298.59,698.14,3555.2,2857.06
Soybean,12.24,127.5,279.28,11985.33,35607.48,23622.14
Potato,3.08,13.35,1078.77,2984.8,14404.36,11419.56
Wheat,7.06,79.97,280.62,10076.31,22440.02,12363.7
Maize,7.58,74.2,400.77,5138.53,29739.18,24600.65
Maize,9.82,149.02,983.47,6211.81,146553.11,140341.3
Tomato,10.5,71.72,1187.75,7252.85,85184.62,77931.77
Potato,11.11,24.05,605.42,10215.1,14558.97,4343.87
Tomato,14.94,24.99,1095.07,7155.28,27371.15,20215.87
Cotton,14.31,26.67,1182.52,5771.04,31538.33,25767.29
Tomato,4.17,45.3,551.54,4309.12,24984.8,20675.68
Tomato,6.33,15.2,799.46,8758.25,12153.46,3395.21
Cotton,11.53,189.57,1035.37,6183.03,196271.41,190088.37
Wheat,12.57,140.8,553.1,15833.38,77874.38,62041.0
Potato,4.05,68.66,666.12,3383.28,45733.44,42350.16
Sugarcane,6.8,117.65,741.11,6975.45,87189.43,80213.98
Cotton,1.2,11.28,221.02,1541.05,2492.45,951.4
Sugarcane,9.46,133.41,723.4,5412.91,96508.44,91095.53
Tomato,6.23,73.66,212.34,2939.34,15642.09,12702.75
Maize,3.83,30.2,251.15,2978.9,7584.64,4605.74
Sugarcane,14.33,230.47,470.62,7639.86,108464.16,100824.3
Tomato,8.08,20.39,271.16,7987.96,5529.07,-2458.9
Sugarcane,14.92,72.09,458.1,6510.64,33024.46,26513.82
Tomato,2.37,5.28,385.28,2252.37,2035.37,-217.0
Sugarcane,7.32,50.86,789.21,6183.6,40140.86,33957.26
Rice,2.08,8.95,326.94,932.0,2927.2,1995.21
Soybean,10.53,44.64,259.11,11884.55,11566.59,-317.96
Sugarcane,14.29,55.03,582.14,13795.42,32035.86,18240.44
Maize,10.41,44.81,255.42,7262.09,11444.69,4182.59
Soybean,7.86,65.63,224.01,5517.72,14700.82,9183.09
Potato,14.84,32.4,1167.8,14243.56,37840.45,23596.89
Soybean,5.42,43.25,436.92,2254.62,18896.94,16642.32
Potato,9.65,47.54,787.7,4194.18,37444.5,33250.32
Tomato,13.91,37.57,480.6,10017.1,18056.07,8038.97
Wheat,12.81,87.91,887.3,18628.7,78002.1,59373.41
Sugarcane,4.15,33.53,609.67,6109.47,20442.64,14333.17
Tomato,1.23,5.81,1010.47,773.6,5875.11,5101.51
Cotton,9.1,138.62,1004.17,12187.37,139198.94,127011.57
Rice,14.4,233.11,852.28,12263.3,198673.05,186409.75
Potato,6.64,66.87,1196.53,3068.65,80014.18,76945.53
Soybean,11.76,210.62,211.08,13837.95,44457.15,30619.2
Potato,13.31,219.24,1191.53,7322.64,261229.04,253906.4
Tomato,5.24,71.05,900.73,5275.37,63993.56,58718.18
Sugarcane,9.31,102.42,361.46,8065.81,37019.42,28953.61
Tomato,5.41,28.16,269.15,6995.31,7580.68,585.37
Wheat,5.97,85.78,763.89,3660.52,65523.69,61863.16
Rice,11.43,94.89,395.76,10464.33,37553.86,27089.53
Sugarcane,7.83,28.97,461.33,6290.46,13363.92,7073.46
